1001,日経２２５,東証１部
1002,ＴＯＰＩＸ,東証１部
1301,極洋,東証１部
1305,ダイワＴＰＸ,東証１部
1306,ＴＯＰＩＸ投,東証１部
1308,上場ＴＰＸ,東証１部
1309,上海上証５０,東証１部
1310,ダイワＴ３０,東証１部
1311,Ｔ３０連動投,東証１部
1312,野村小型コア,東証１部
1313,KODEX200,東証１部
1314,日本新興株,東証１部
1316,上場大型,東証１部
1317,上場中型,東証１部
1318,上場小型,東証１部
1319,日経300F,東証２部
1320,ダイワ２２５,東証２部
1321,日経２２５投,東証２部
1322,上場パンダ,東証１部
1323,南アフリカ投信,東証１部
1324,ロシア株投信,東証１部
1325,NFブラジル,東証１部
1326,SPDRゴールド,東証１部
1327,ＥＡＳＹ商品,東証１部
1328,金連動投信,東証１部
1329,ｉシェ２２５,東証１部
1330,上場２２５,東証１部
1332,日水,東証１部
1333,マルハニチロ,東証１部
1343,ＮＦ東ＲＥＩＴ,東証１部
1344,ＭＸコア,東証１部
1345,上場Ｊリート,東証１部
1346,MX225投信,東証１部
1347,上場インデック,東証１部
1348,MAXトピックス,東証１部
1349,ABFアジア,東証１部
1352,ホウスイ,東証１部
1356,TOPXベア,東証１部
1357,日経ダブル,東証１部
1358,上場日経２倍,東証１部
1360,日経ベア２倍投,東証１部
1361,米国ハイイールド,東証１部
1362,新興国債券ＥＴＦ,東証１部
1363,米国債ＥＴＦ,東証１部
1364,JPX日経400ETF,東証１部
1365,大和225ダブル,東証１部
1366,大和225Ｗベア,東証１部
1367,大和TPXダブル,東証１部
1368,大和TPXWベア,東証１部
1369,DIAM 日経225,東証１部
1375,雪国まいたけ,東証１部
1376,カネコ種,東証１部
1377,サカタタネ,東証１部
1378,雪国まいたけ,東証２部
1379,ホクト,東証１部
1380,秋川牧園,ＪＡＱ
1381,アクシーズ,ＪＡＱ
1382,ホープ,ＪＡＱ
1383,ベルグアース,ＪＡＱ
1384,ホクリョウ,東証１部
1385,ETFユーロ大型株,東証１部
1386,ETF欧州株,東証１部
1387,ETF欧州通貨圏株,東証１部
1388,ETF欧州通貨小型株,東証１部
1389,ETF英国大型株,東証１部
1390,ETFアジア太平洋株,東証１部
1391,ETFスイス株,東証１部
1392,ETF英国株,東証１部
1393,ETF米国株,東証１部
1394,ETF先進国株,東証１部
1397,SMAM日経225,東証１部
1398,SMAM東証REIT指数,東証１部
1399,高配当低ボラ,東証１部
1400,ルーデンＨ,ＪＡＱ
1401,エムビーエス,東証マ
1405,サーラ住宅,東証２部
1407,ウエストＨ,ＪＡＱ
1408,サムシング,ＪＡＱ
1413,桧家Ｈ,東証１部
1414,ショーボンド,東証１部
1417,ミライＨ,東証１部
1418,インターライフ,ＪＡＱ
1419,タマホーム,東証１部
1420,サンヨーホーム,東証１部
1429,日本アクア,東証１部
1430,ファーストＣ,東証１部
1431,Lib Work,東証マ
1433,ベステラ,東証１部
1434,ＪＥＳＣＯ,東証２部
1435,インベスターズ,東証１部
1436,フィット,東証マ
1438,岐阜造園,名古２部
1439,安江工務店,ＪＡＱ
1443,技研Ｈ,東証２部
1444,ニッソウ,名古２部
1446,キャンディル,東証１部
1447,Itbookホール,東証マ
1448,スペースバリュー,東証１部
1450,田中建設工業,ＪＡＱ
1451,ＫＨＣ,東証２部
1456,大和225ベア,東証１部
1457,大和TPXベア,東証１部
1458,楽天レバレッジ,東証１部
1459,楽天Ｗインバース,東証１部
1460,クオリティ投信,東証１部
1464,大和J400ダブル,東証１部
1465,大和J400ベア,東証１部
1466,大和J400ダブル,東証１部
1467,JPX日経400ブル,東証１部
1468,JPX日経400ベア,東証１部
1469,JPX400ベア2倍,東証１部
1470,ＮＦ J400レバ,東証１部
1471,ＮＦ J400インバ,東証１部
1472,ＮＦ J400ダブル,東証１部
1473,DIAM トピックス,東証１部
1474,DIAM JPX400,東証１部
1475,ITOPIX,東証１部
1476,ISJリート,東証１部
1477,IS最小分散,東証１部
1478,IS高配当,東証１部
1479,ダイワ人材設,東証１部
1480,企業価値ETF,東証１部
1481,日本経済貢献株,東証１部
1482,is米国債ヘッジ,東証１部
1483,is設備人材投,東証１部
1484,ETF設備人材投,東証１部
1485,Ｊ積極投資,東証１部
1486,上場米債為替無,東証１部
1487,上場米債為替有,東証１部
1488,上場東証リート,東証１部
1489,日経高配指数,東証１部
1490,上場ＭＳＣＩβ,東証１部
1491,中外鉱,東証２部
1492,JPX日経中小,東証１部
1493,ＥＴＦ ＪＰＸ日経中小型,東証１部
1494,ＥＴＦ 高配当日本株,東証１部
1495,ＥＴＦ アジアリート,東証１部
1496,ＥＴＦ投適格債,東証１部
1497,ＥＴＦハイイールド債,東証１部
1498,Ｏｎｅ ＥＴＦ ＥＳＧ,東証１部
1499,ＭＸ高配MN,東証１部
1514,住金Ｈ,東証１部
1515,日鉄鉱,東証１部
1518,三井松島,東証１部
1540,純金信託,東証１部
1541,プラチナ信託,東証１部
1542,純銀信託,東証１部
1543,パラジウム信託,東証１部
1544,ＭＳＣジャパン,東証１部
1545,ナス100連動,東証１部
1546,ダウ連動投信,東証１部
1547,上場米国株,東証１部
1548,上場中国Ｈ株,東証１部
1549,上場Nifty先物,東証１部
1550,MAXIS海外株,東証１部
1551,ＪＴＯＰ２０投信,東証１部
1552,ＶＩＸ短期先物,東証１部
1553,ＭＸＳ東海,名古１部
1554,ＭＳＣ世界株,東証１部
1555,豪州リート,東証１部
1556,日経中国株,東証１部
1557,ＳＰＤＲ,外国
1559,タイSET50指数,東証１部
1560,マレーシアKLCI連動,東証１部
1561,アジア関連日本株,東証１部
1562,アジア日本,東証１部
1563,マザーズ投信,東証１部
1565,カバードコール,東証１部
1566,新興EM国債,東証１部
1567,MAXIS投信,東証１部
1568,TOPIXブル,東証１部
1569,TOPIXベア,東証１部
1570,日経レバレッジ,東証１部
1571,日経インバース,東証１部
1572,中国Ｈ株ブル,東証１部
1573,中国Ｈ株ベア,東証１部
1574,MAXISトピックス,東証１部
1575,ChinaAMC,東証１部
1576,南方FTSE,東証１部
1577,NEXT野村高配,東証１部
1578,イン日経２２５,東証１部
1579,日経平均ブル,東証１部
1580,日経平均ベア,東証１部
1581,ＭＳＣＩコクサイ,東証１部
1582,エマジングＩＭＩ,東証１部
1583,ＭＳＩＣフロンティア,東証１部
1584,サムスン投信,外国
1585,ダイワTOPIX,東証１部
1586,TOPIX-EX,東証１部
1587,米超大型株,東証１部
1588,米小型株,東証１部
1589,米高配当株,東証１部
1590,米国リート,東証１部
1591,日経インデ400,東証１部
1592,上場インデ400,東証１部
1593,上場インデ400投信,東証１部
1595,NZAM Jリート,東証１部
1596,NZAM上場投信Ｆ,東証１部
1597,MAXIS投信,東証１部
1598,NEXTファンダ,東証１部
1599,ＪＰＸ日経400,東証１部
1605,国際石油開発,東証１部
1606,海洋掘削,東証１部
1610,ダイワ電気指,東証１部
1612,ダイワ銀行指,東証１部
1613,東証電気指投,東証１部
1615,東証銀行指投,東証１部
1617,NEXT食品,東証１部
1618,NEXT資源,東証１部
1619,NEXT建設資材,東証１部
1620,NEXT素材化学,東証１部
1621,NEXT医薬品,東証１部
1622,NEXT自動車,東証１部
1623,NEXT鉄鋼非鉄,東証１部
1624,NEXT機械,東証１部
1625,NEXT電機精密,東証１部
1626,NEXT情報サービス,東証１部
1627,NEXT電力ガス,東証１部
1628,NEXT運輸物流,東証１部
1629,NEXT商社卸売,東証１部
1630,NEXT小売,東証１部
1631,NEXT銀行,東証１部
1632,NEXT金融,東証１部
1633,NEXT不動産,東証１部
1634,ダイワ 食品,東証１部
1635,ダイワ エネ資源,東証１部
1636,ダイワ 建設資材,東証１部
1637,ダイワ 素材化学,東証１部
1638,ダイワ 医薬品,東証１部
1639,ダイワ 車輸送機,東証１部
1640,ダイワ 鉄鋼非鉄,東証１部
1641,ダイワ 機械,東証１部
1642,ダイワ 電機精密,東証１部
1643,ダイワ 情報通信他,東証１部
1644,ダイワ 電力ガス,東証１部
1645,ダイワ 運輸物流,東証１部
1646,ダイワ 商社卸売,東証１部
1647,ダイワ 小売,東証１部
1648,ダイワ 銀行,東証１部
1649,ダイワ 金融,東証１部
1650,ダイワ 不動産,東証１部
1651,ダイワ 高配４０,東証１部
1652,ダイワ 女性活躍指数,東証１部
1653,ダイワ ESGセ,東証１部
1654,ダイワ ブロサム,東証１部
1655,SP500米国株ETF,東証１部
1656,米国債7-10年ETF,東証１部
1657,MSCI先進国株ETF,東証１部
1658,MSCI新興国株ETF,東証１部
1659,米国リートETF,東証１部
1660,MXS高利リート,東証１部
1662,石油資源開発,東証１部
1663,Ｋ＆Ｏエナジー,東証１部
1670,Maxｓｐ三菱,東証１部
1671,WTI原油投信,東証１部
1672,ETFS金上場,東証１部
1673,ETFS銀上場,東証１部
1674,ETFS白金,東証１部
1675,ETFSパラジ,東証１部
1676,ETFS貴金属,東証１部
1677,上場海外債権,東証１部
1678,ＮＦインド,東証１部
1679,ＮＹダウ投信,東証１部
1680,上場海外先進国,東証１部
1681,新興国株式,東証１部
1682,東工取白金投信,東証１部
1683,金先物価格投信,東証１部
1684,総合商品指数,東証１部
1685,エネルギー指数,東証１部
1686,金属商品指数,東証１部
1687,農産物商品指数,東証１部
1688,穀物商品指数,東証１部
1689,天然ガス投信,東証１部
1690,原油上場投信,東証１部
1691,ガソリン投信,東証１部
1692,アルミ上場投信,東証１部
1693,銅上場投信,東証１部
1694,ニッケル投信,東証１部
1695,小麦上場投信,東証１部
1696,とうもろこし投信,東証１部
1697,大豆上場投信,東証１部
1698,東証配当投信,東証１部
1699,原油イン投信,東証１部
1711,省電舎,東証２部
1712,ダイセキ環境,東証１部
1716,第一カッター,東証１部
1717,明豊ファシリ,東証１部
1718,美樹工業,ＪＡＱ
1719,安藤・間,東証１部
1720,東急建設,東証１部
1721,コムシスＨＤ,東証１部
1722,ミサワホーム,東証１部
1723,日本電技,ＪＡＱ
1724,シンクレイヤ,ＪＡＱ
1726,Ｂｒ．ＨＤ,東証１部
1728,ミサワ中国,ＪＡＱ
1730,麻生フォーム,ＪＡＱ
1736,オーテック,ＪＡＱ
1737,三井エンジ,東証２部
1738,ＮＩＴＴＯＨ,名古２部
1739,シード平和,ＪＡＱ
1743,コーアツ工業,東証２部
1757,クレアＨ,東証２部
1758,太洋基礎,ＪＡＱ
1762,高松建設,東証１部
1764,工藤建設,東証２部
1766,東建コーポ,東証１部
1768,ソネック,東証１部
1770,藤田エンジ,ＪＡＱ
1775,富士電Ｅ＆Ｃ,東証２部
1776,三井住建道路,東証２部
1777,川崎設備,名古２部
1780,ヤマウラ,東証１部
1782,常磐開発,ＪＡＱ
1783,アジアゲートＨ,ＪＡＱ
1787,ナカボテック,ＪＡＱ
1788,三東工業,ＪＡＱ
1789,山加電業,ＪＡＱ
1793,大本組,ＪＡＱ
1795,マサル,ＪＡＱ
1798,守谷商会,ＪＡＱ
1799,第一建設,ＪＡＱ
1801,大成建,東証１部
1802,大林組,東証１部
1803,清水建,東証１部
1805,飛島建,東証１部
1807,佐藤渡辺,ＪＡＱ
1808,長谷工,東証１部
1810,松井建,東証１部
1811,銭高組,東証１部
1812,鹿島,東証１部
1813,不動テトラ,東証１部
1814,大末建,東証１部
1815,鉄建,東証１部
1819,太平工,東証１部
1820,西松建,東証１部
1821,三井住友建,東証１部
1822,大豊建,東証１部
1824,前田建,東証１部
1826,佐田建,東証１部
1827,ナカノフドー建,東証１部
1828,田辺工業,東証２部
1833,奥村組,東証１部
1834,大和小田急建,東証１部
1835,東鉄工,東証１部
1840,土屋Ｈ,東証２部
1841,サンユ,ＪＡＱ
1844,大盛工業,東証２部
1846,鈴縫工,東証２部
1847,イチケン,東証１部
1848,富士ＰＳ,東証１部
1850,南海辰村建,東証２部
1852,浅沼組,東証１部
1853,森組,東証２部
1860,戸田建,東証１部
1861,熊谷組,東証１部
1865,青木あすなろ建,東証１部
1866,北野建,東証１部
1867,植木組,東証１部
1868,三井ホーム,東証１部
1869,名工建,名古２部
1870,矢作建,東証１部
1871,ピーエス三菱,東証１部
1873,東ハウス,東証１部
1878,大東建,東証１部
1879,新日本建,東証１部
1881,ＮＩＰＰＯ,東証１部
1882,東亜道,東証１部
1883,前田道,東証１部
1884,日道路,東証１部
1885,東亜建,東証１部
1887,日本国土開発,東証１部
1888,若築建,東証１部
1890,東洋建,東証１部
1892,徳倉建,名古２部
1893,五洋建,東証１部
1896,大林道,東証１部
1897,金下建,東証２部
1898,世紀東急,東証１部
1899,福田組,東証１部
1904,大成温調,ＪＡＱ
1905,テノックス,ＪＡＱ
1906,細田工務,ＪＡＱ
1909,日ドライケ,東証１部
1911,住友林,東証１部
1914,日基技,東証１部
1916,日成ビルド,東証１部
1919,エスバイエル,東証１部
1921,巴,東証１部
1924,パナホーム,東証１部
1925,大和ハウス,東証１部
1926,ライト,東証１部
1928,積ハウス,東証１部
1929,日特建,東証１部
1930,北陸電工,東証１部
1931,日本電通,東証２部
1933,西シス建,東証２部
1934,ユアテック,東証１部
1935,ＴＴＫ,東証２部
1936,シーキューブ,名古１部
1937,西部電工,東証１部
1938,日リーテック,東証１部
1939,四電工,東証１部
1941,中電工,東証１部
1942,関電工,東証１部
1944,きんでん,東証１部
1945,東京エネシス,東証１部
1946,トーエネク,東証１部
1948,弘電社,東証２部
1949,住友電設,東証１部
1950,電設工,東証１部
1951,協エクシオ,東証１部
1952,新日空調,東証１部
1954,日工営,東証１部
1956,日電設,東証１部
1959,九電工,東証１部
1960,サンテック,東証２部
1961,三機工,東証１部
1963,日揮,東証１部
1964,中外炉,東証１部
1965,テクノ菱和,東証２部
1966,高田工,東証２部
1967,ヤマト,東証１部
1968,太平電,東証１部
1969,高砂熱,東証１部
1971,ビルト工,東証２部
1972,三晃金,東証１部
1973,ＮＥＣシス建,東証１部
1975,朝日工,東証１部
1976,明星工,東証１部
1979,大気社,東証１部
1980,ダイダン,東証１部
1981,協和日成,ＪＡＱ
1982,日比谷設,東証１部
1983,東芝プラ,東証１部
1984,三信建,ＪＡＱ
1987,ソルコム,東証２部
1989,北陸電話,東証２部
1992,神田通機,ＪＡＱ
1994,高橋ウォール,ＪＡＱ
1997,暁飯島工業,ＪＡＱ
2001,ニップン,東証１部
2002,日清粉,東証１部
2003,日東富士粉,東証１部
2004,昭和産,東証１部
2006,東福粉,東証２部
2008,増田粉,東証２部
2009,鳥越粉,東証１部
2021,商品連動信託,外国
2022,貴金属指数信託,外国
2023,産業用金属信託,外国
2024,エネ指数信託,外国
2025,農産物指数信託,外国
2026,穀物指数信託,外国
2027,ソフト農産物信託,外国
2028,畜産物指数信託,外国
2029,中期先物信託,外国
2030,VIX短先指数,外国
2031,ハンセンブル,東証１部
2032,ハンセンベア,東証１部
2033,韓国ブル,東証１部
2034,韓国ベア,東証１部
2035,日経先物指数,東証１部
2036,日経金ブル,東証１部
2037,日経金ベア,東証１部
2038,日経原油ブル,東証１部
2039,日経原油ベア,東証１部
2040,ＮＹダウブル,東証１部
2041,ＮＹダウベア,東証１部
2042,東証マザー,東証１部
2043,アセアン好配当,東証１部
2044,NOTES S&P500,東証１部
2045,NOTES S&Pシンガポール　,東証１部
2046,NOTES インドＮｉｆｔｙダブル・ブル　,東証１部
2047,NOTES インドＮｉｆｔｙダブル・ベア　,東証１部
2048,NOTES 野村高配当70,東証１部
2049,NOTES Ｓ＆Ｐ500,東証１部
2050,NOTES ニッチトップ,東証１部
2053,中部飼,東証１部
2055,日和産,東証２部
2060,フィードワンＨ,東証１部
2065,日本株配当貴族,東証１部
2066,東証REIT ETN,東証１部
2067,野村ＡＩビジネス,東証１部
2068,高ベータ３０,東証１部
2069,抵ベータ５０,東証１部
2070,スマートＥＳＧ３０女性活躍,東証１部
2071,スマートＥＳＧ３０総合,東証１部
2072,トップシェアインデックス,東証１部
2107,東洋糖,東証１部
2108,甜菜糖,東証１部
2109,三井糖,東証１部
2112,塩水糖,東証１部
2114,フジ日本精糖,東証２部
2117,日新製糖,東証１部
2120,ネクスト,東証１部
2121,ミクシィ,東証１部
2122,インタース,東証マ
2124,ＪＡＣ,東証１部
2127,日本Ｍ＆Ａ,東証１部
2128,ノバレーゼ,東証１部
2130,メンバーズ,東証１部
2131,アコーディア,東証１部
2132,アイレップ,東証２部
2134,燦キャピタル,ＪＡＱ
2136,ヒップ,ＪＡＱ
2138,クルーズ,ＪＡＱ
2139,中広,東証１部
2144,やまねメディ,ＪＡＱ
2145,データリンク,ＪＡＱ
2146,ＵＴグループ,東証１部
2148,アスティメディ,東証１部
2150,ケアネット,東証マ
2151,タケエイ,東証１部
2152,幼児活動,ＪＡＱ
2153,ＥＪホール,東証１部
2154,ビーネックスＧ,東証１部
2155,カービュー,東証マ
2156,セーラー広告,ＪＡＱ
2157,コシダカ,東証１部
2158,ＵＢＩＣ,東証マ
2159,フルスピード,東証２部
2160,ジーエヌアイ,東証マ
2162,マニュファク,ＪＡＱ
2163,アルトナー,東証１部
2164,地域新聞社,ＪＡＱ
2165,メガロス,ＪＡＱ
2168,パソナＧ,東証１部
2169,ＣＤＳ,東証１部
2170,リンク＆Ｍ,東証１部
2173,博展,ＪＡＱ
2174,ＧＣＡサヴィアン,東証１部
2175,ＳＭＳ,東証１部
2176,イナリサーチ,ＪＡＱ
2178,トライステージ,東証マ
2179,成学社,ＪＡＱ
2180,サニーサイド,東証１部
2181,パーソナルホール,東証１部
2183,リニカル,東証１部
2185,シイエムシイ,ＪＡＱ
2186,パーソナル,ＪＡＱ
2190,JCLバイオ,ＪＡＱ
2191,テラ,ＪＡＱ
2193,クックパッド,東証１部
2195,アミタＨＤ,ＪＡＱ
2196,エスクリ,東証１部
2198,アイケイケイ,東証１部
2201,森永,東証１部
2204,中村屋,東証１部
2206,グリコ,東証１部
2207,名糖産,東証１部
2208,ブルボン,東証２部
2209,井村屋,東証１部
2211,不二家,東証１部
2212,山パン,東証１部
2215,一パン,東証１部
2216,カンロ,東証２部
2217,モロゾフ,東証１部
2220,亀田製菓,東証１部
2221,岩塚製菓,ＪＡＱ
2222,寿スピリッツ,東証１部
2224,コモ,ＪＡＱ
2226,フレンテ,ＪＡＱ
2228,シベール,ＪＡＱ
2229,カルビー,東証１部
2264,森永乳,東証１部
2266,六甲バタ,東証１部
2267,ヤクルト,東証１部
2268,ＢＲサーテ,ＪＡＱ
2269,明治Ｈ,東証１部
2270,雪印ミルク,東証１部
2281,プリマ,東証１部
2282,日ハム,東証１部
2284,伊藤ハ,東証１部
2286,林兼,東証１部
2288,丸大食,東証１部
2290,米久,東証１部
2291,福留ハ,東証２部
2292,ＳＦＯＯＤＳ,東証１部
2293,滝沢ハム,ＪＡＱ
2294,柿安本店,東証１部
2296,伊藤ハム米忠,東証１部
2300,きょくとう,ＪＡＱ
2301,学情,東証１部
2303,ドーン,ＪＡＱ
2304,ＣＳＳ,ＪＡＱ
2305,スタジオアリ,東証１部
2307,Ｃキャット,東証１部
2309,シミック,東証１部
2311,エプコ,東証１部
2315,カイカ,ＪＡＱ
2317,システムプロ,東証１部
2321,Ｓフロント,ＪＡＱ
2323,ＦｏｎＦｕｎ,ＪＡＱ
2325,ＮＪＳ,東証１部
2326,デジタルＡ,東証１部
2327,新日鉄ソリュ,東証１部
2329,東北新社,ＪＡＱ
2330,フォーサイド,ＪＡＱ
2331,綜合警備保障,東証１部
2332,クエスト,ＪＡＱ
2334,イオレ,東証マ
2335,キューブシス,東証１部
2337,いちごグループ,東証１部
2338,ファステップス,東証２部
2340,極楽湯,ＪＡＱ
2341,アルバイトＴ,ＪＡＱ
2342,トランスＧ,東証マ
2344,平安レイ,ＪＡＱ
2345,システムＴｉ,東証２部
2349,エヌアイデイ,ＪＡＱ
2351,ＡＳＪ,東証マ
2352,エイジア,東証１部
2353,駐車場開発,東証１部
2354,YE DIGITAL,東証２部
2359,コア,東証１部
2362,夢真ＨＤ,ＪＡＱ
2369,メディビック,東証マ
2370,メディネット,東証マ
2371,カカクコム,東証１部
2372,アイロム,東証１部
2373,ケア２１,ＪＡＱ
2374,セントケア,東証１部
2375,ギグワークス,東証２部
2376,サイネックス,東証１部
2378,ルネサンス,東証１部
2379,ディップ,東証１部
2384,エスビーエス,東証１部
2385,総合医科学研,東証マ
2388,ウェッジＨＤ,ＪＡＱ
2389,デジテルＨ,東証１部
2391,プラネット,ＪＡＱ
2393,日本ケアＳ,東証２部
2395,新日本科学,東証１部
2397,ＤＮＡチップ研,東証２部
2398,ツクイ,東証１部
2399,綜合臨床Ｈ,東証１部
2400,メッセージ,ＪＡＱ
2402,アマナ,東証マ
2404,鉄人化計画,東証２部
2405,フジコー,東証２部
2406,アルテサロン,ＪＡＱ
2408,ＫＧ情報,ＪＡＱ
2410,キャリアデザ,東証１部
2411,ゲンダイＡＧ,ＪＡＱ
2412,ベネフィット,東証１部
2413,エムスリー,東証１部
2415,ヒューマンＨＤ,ＪＡＱ
2417,ツヴァイ,東証２部
2418,ツカダグローバル,東証１部
2424,プラス,東証１部
2425,ケアサービス,ＪＡＱ
2427,アウトソシング,東証１部
2428,ウェルネット,東証１部
2429,ワールドＨ,東証１部
2432,ＤｅＮＡ,東証１部
2433,博報堂ＤＹ,東証１部
2435,シダー,ＪＡＱ
2436,共同ＰＲ,ＪＡＱ
2437,シンワアート,ＪＡＱ
2438,アスカネット,東証マ
2440,ぐるなび,東証１部
2445,ＳＲＧタカミヤ,東証１部
2449,プラップＪ,ＪＡＱ
2450,一休,東証１部
2453,ＪＢＲ,東証１部
2454,オールアバウ,ＪＡＱ
2458,夢テクノ,ＪＡＱ
2459,アウンコン,東証２部
2461,ファンコミ,東証１部
2462,ジェイコム,東証１部
2464,ビジネスＢＴ,東証１部
2466,Ｐゴルフ,東証１部
2467,バルク,名証セ
2468,フュートレック,東証２部
2469,ヒビノ,ＪＡＱ
2471,エスプール,東証２部
2475,ＷＤＢ,東証１部
2477,手間いらず,東証１部
2479,ジェイテック,ＪＡＱ
2480,システムロケ,ＪＡＱ
2481,タウンニュース,ＪＡＱ
2483,翻訳センタ,ＪＡＱ
2484,出前館,ＪＡＱ
2485,ティア,東証１部
2487,ＣＤＧ,東証１部
2488,日本サード,ＪＡＱ
2489,アドウェイズ,東証１部
2491,バリューコマ,東証１部
2492,インフォマート,東証１部
2493,イーサポート,ＪＡＱ
2497,ユナイテッド,東証マ
2498,AOKI,ＪＡＱ
2499,日本和装,東証２部
2501,サッポロＨＤ,東証１部
2502,アサヒHD,東証１部
2503,キリンＨ,東証１部
2510,野村国内債券,東証１部
2511,野村外国債券,東証１部
2512,野村外国債Ｈ,東証１部
2513,野村外国株式,東証１部
2514,野村外国株Ｈ,東証１部
2515,野村外リート,東証１部
2516,東マザーズETF,東証１部
2517,MAXIS投信,東証１部
2518,女性活躍ETF,東証１部
2519,新興国債券,東証１部
2520,新興国株式,東証１部
2521,イン米国株Ｓ＆Ｐ,東証１部
2522,オートメ＆ロボ,東証１部
2523,トピックスMAXIS,東証１部
2524,NZAM上場 TOPIX,東証１部
2525,NZAM上場 日経225,東証１部
2526,NZAM上場 JPX400,東証１部
2527,NZAM上場 東証REIT,東証１部
2528,ダイワCore指数 東証REIT,東証１部
2529,野村主還元70,東証１部
2530,中国株上海１８０Ａ,東証１部
2531,宝ＨＤ,東証１部
2533,オエノンＨＤ,東証１部
2538,Ｊフードリカー,東証２部
2540,養命酒,東証１部
2551,マルサンアイ,名古２部
2552,東証隔月分配型ミニ,東証１部
2553,南方中国Ａ株ＣＳ1500,東証１部
2554,米国社債1-10ヘッジ,東証１部
2555,東証ＲＥＴ,東証１部
2556,OneETF東証指数,東証１部
2557,SMDAM トピック,東証１部
2558,MAXIS米国株式,東証１部
2559,ＭＡＸＩＳ全世界株式,東証１部
2560,ＭＡＸＩＳカーボン,東証１部
2561,日本国債ETF,東証１部
2562,上場イン米国株式,東証１部
2563,S&P500米国株式,東証１部
2564,MSCI日本株ETF,東証１部
2565,ロジスティックスETF,東証１部
2566,上場イン日経ESG,東証１部
2567,上場ＪＰＸカーボン,東証１部
2568,米ＮＡＳＤＡＱ100為替ヘッジなし,東証１部
2569,米ＮＡＳＤＡＱ100為替ヘッジあり,東証１部
2573,北海コカ,東証２部
2579,コカウエスト,東証１部
2580,コカイースト,東証１部
2586,フルッタ,東証マ
2587,サントリ食品,東証１部
2588,ウォータダイ,東証２部
2590,ダイドーＤＲ,東証１部
2593,伊藤園,東証１部
2594,キーコーヒー,東証１部
2597,ユニカフェ,東証１部
2599,ジャパンＦ,東証１部
2602,日清オイリオ,東証１部
2607,不二油,東証１部
2608,ボーソー,東証２部
2611,摂津油,東証２部
2612,かどや製油,東証１部
2613,Ｊ－オイルＭ,東証１部
2620,iシェアーズ米国債1－3,東証１部
2621,iシェアーズ米国債20超,東証１部
2622,iシェアーズドル建て新興国債,東証１部
2623,iシェアーズユーロ建て適格債,東証１部
2624,ｉＦｒｅｅ 日経225,東証１部
2625,ｉＦｒｅｅ TPIX,東証１部
2626,グローバルX デジタル,東証１部
2627,グローバルX eコマース,東証１部
2630,ＭＡＸＩＳ米株Ｓ＆Ｐ５００（為替ヘッジ）,東証１部
2631,ＭＡＸＩＳナスダック１００,東証１部
2632,ＭＡＸＩＳナスダック１００（為替ヘッジ）,東証１部
2651,ローソン,東証１部
2652,まんだらけ,東証２部
2653,イオン九州,ＪＡＱ
2654,アスモ,東証２部
2655,マックス東北,東証２部
2656,ベクター,ＪＡＱ
2658,ウライ,ＪＡＱ
2659,サンエー,東証１部
2662,ダイユエイト,東証１部
2664,カワチ薬品,東証１部
2665,三井情報,東証２部
2666,オートウェブ,ＪＡＱ
2667,イメージワン,ＪＡＱ
2668,ダビオ,東証２部
2669,カネ美食品,ＪＡＱ
2670,ＡＢＣマート,東証１部
2673,夢みつけ隊,ＪＡＱ
2674,ハードオフ,東証１部
2675,ダイナック,東証２部
2676,高千穂交易,東証１部
2678,アスクル,東証１部
2681,ゲオ,東証１部
2683,魚喜,東証２部
2685,アダストリア,東証１部
2686,ジーフット,東証１部
2687,ＣＶＳベイ,東証１部
2689,オルバヘルスケア,東証１部
2692,伊藤忠食品,東証１部
2693,ＹＫＴ,ＪＡＱ
2694,ジー・テイスト,ＪＡＱ
2695,くらコーポ,東証１部
2698,キャンドゥ,東証１部
2700,木徳神糧,ＪＡＱ
2702,マクドナルド,ＪＡＱ
2703,日本ライトン,ＪＡＱ
2705,大戸屋HD,ＪＡＱ
2706,ブロッコリー,ＪＡＱ
2708,久世,ＪＡＱ
2710,シーエスロジ,ＪＡＱ
2712,スタバックス,ＪＡＱ
2714,プラマテルズ,ＪＡＱ
2715,高千穂電気,東証１部
2719,キタムラ,東証２部
2721,ジェイHD,ＪＡＱ
2722,アイケイ,東証１部
2726,パル,東証１部
2729,ＪＡＬＵＸ,東証１部
2730,エディオン,東証１部
2733,あらた,東証１部
2734,サーラコーポ,東証１部
2735,ワッツ,東証１部
2736,フェスタリアＨ,ＪＡＱ
2737,トーメンデバ,東証１部
2742,ハローズ,東証１部
2743,ＨＢサービス,ＪＡＱ
2747,北雄ラッキー,ＪＡＱ
2749,ＪＲＨＤ,東証１部
2750,石光商事,ＪＡＱ
2751,テンポスＢ,ＪＡＱ
2752,フジオフード,東証１部
2753,あみやき亭,東証１部
2754,東葛ホール,ＪＡＱ
2759,ＳＢＲ,ＪＡＱ
2760,東エレデバ,東証１部
2761,トシンＧ,ＪＡＱ
2762,三光ＭＦ,東証２部
2763,ＦＴグループ,ＪＡＱ
2764,ひらまつ,東証１部
2766,日本風力開発,東証２部
2767,フィールズ,東証１部
2768,双日ＨＤ,東証１部
2769,ＶＶＣ,ＪＡＱ
2772,ゲンキー,東証１部
2773,ミューチュア,ＪＡＱ
2776,クリムゾン,ＪＡＱ
2777,カッシーナ,ＪＡＱ
2778,パレモ,東証２部
2780,コメ兵,東証２部
2782,セリア,ＪＡＱ
2784,アルフレッサ,東証１部
2786,サッポロＤＳ,東証１部
2788,アップルイン,東証２部
2789,カルラ,ＪＡＱ
2790,ナフコ,ＪＡＱ
2791,大黒天物産,東証１部
2792,ハニーズ,東証１部
2795,プリメックス,ＪＡＱ
2796,ファーマライ,東証１部
2798,ワイズテーブル,東証２部
2801,キッコマン,東証１部
2802,味の素,東証１部
2804,ブルドック,東証１部
2805,エスビー,東証２部
2806,ユタカフーズ,東証２部
2809,キユーピー,東証１部
2810,ハウス食品,東証１部
2811,カゴメ,東証１部
2812,焼津水化,東証１部
2813,和弘食品,ＪＡＱ
2814,佐藤食品,ＪＡＱ
2815,アリアケ,東証１部
2816,ダイショー,東証２部
2817,ギャバン,ＪＡＱ
2818,ピエトロ,東証１部
2819,エバラ食品,東証１部
2820,やまみ,東証１部
2830,アヲハタ,東証２部
2831,はごろも,東証２部
2871,ニチレイ,東証１部
2872,セイヒョー,東証２部
2874,ヨコレイ,東証１部
2875,東洋水,東証１部
2876,デルソーレ,ＪＡＱ
2877,日東ベスト,ＪＡＱ
2882,イートアンド,東証１部
2883,大冷,東証１部
2884,ヨシムラＦ,東証１部
2892,日食品,東証２部
2894,石井食,東証２部
2897,日清食,東証１部
2899,永谷園,東証１部
2901,石垣食,ＪＡＱ
2902,太陽化,名古２部
2903,シノブフズ,東証２部
2904,一正蒲鉾,東証１部
2905,オーケー食,ＪＡＱ
2907,あじかん,東証２部
2908,フジッコ,東証１部
2910,Ｒフィールド,東証１部
2911,旭松食品,東証２部
2914,ＪＴ,東証１部
2915,ケンコーマヨ,東証１部
2916,仙波糖化,ＪＡＱ
2917,大森屋,ＪＡＱ
2918,わらべ日洋,東証１部
2922,なとり,東証１部
2923,サトウ食品,東証２部
2924,イフジ産業,東証１部
2925,ピックルスＣ,東証１部
2926,篠崎屋,東証２部
2927,アムスライフ,ＪＡＱ
2929,ファーマフーズ,東証１部
2930,北の達人,東証１部
2931,ユーグレナ,東証１部
2932,ＳＴＩフードＨ,東証２部
2970,グッドライフ,ＪＡＱ
2971,エスコンJリート法人,東証１部
2972,サンケイ投資法人,東証１部
2975,スターマイカ,東証１部
2978,ツクルバ,東証マ
2979,SOSiLA物流,東証１部
2980,SREホール,東証１部
2981,ランディックス,東証マ
2982,ＡＤワークス,東証１部
2983,アールプランナー,東証マ
2986,LAホール,ＪＡＱ
2987,タスキ,東証マ
3001,片倉,東証１部
3002,グンゼ,東証１部
3003,ヒューリック,東証１部
3004,神栄,東証１部
3010,価値開発,東証２部
3011,バナーズ,東証２部
3020,アプライド,ＪＡＱ
3021,パシフィネット,東証２部
3022,山下医科機,東証１部
3023,ラサ商事,東証１部
3024,クリエイト,ＪＡＱ
3027,レデイ薬局,ＪＡＱ
3028,アルペン,東証１部
3030,ハブ゛,東証１部
3031,ラクーン,東証１部
3032,ゴルフ・ドゥ,名証セ
3034,クオール,東証１部
3035,ケイティケイ,ＪＡＱ
3036,アルコニ,東証１部
3038,神戸物産,東証１部
3040,ソリトクシス,東証１部
3041,ビューティ花壇,東証２部
3042,セキュア,ＪＡＱ
3043,モジュレ,ＪＡＱ
3045,カワサキ,東証２部
3046,ジンズＨＤ,東証１部
3048,ビッグカメラ,東証１部
3050,ＤＣＭ,東証１部
3053,ペッハーフード,東証１部
3054,ハイパー,東証１部
3057,ゼットン,名証セ
3058,三洋堂書店,ＪＡＱ
3059,ヒラキ,東証２部
3063,ジェイグループ,東証マ
3064,ＭｏｎｏｔａＲ,東証１部
3065,ライフフーズ,ＪＡＱ
3066,JBイレブン,名古２部
3067,東京一番,東証１部
3068,WDI,ＪＡＱ
3069,JFLAホール,ＪＡＱ
3070,アマガサ,ＪＡＱ
3071,ストリーム,東証２部
3073,ダイヤモンド,東証１部
3075,銚子丸,ＪＡＱ
3076,あいホール,東証１部
3077,ホリイフード,ＪＡＱ
3079,ディーブイエ,東証１部
3080,ジェーソン,ＪＡＱ
3082,ぎちり,東証１部
3083,シーズメン,ＪＡＱ
3085,アークサービス,東証１部
3086,Ｊフロント,東証１部
3087,ドトール,東証１部
3088,マツキヨＨ,東証１部
3089,テクノアルファ,ＪＡＱ
3091,プロンコビリ,東証１部
3092,ZOZO,東証１部
3093,レンジャー,東証１部
3094,Ｓバリュー,ＪＡＱ
3096,オーシャンＳ,ＪＡＱ
3097,物語コーポ,東証１部
3098,ココカラＦ,東証１部
3099,三越伊勢丹,東証１部
3101,東洋紡,東証１部
3103,ユニチカ,東証１部
3104,富士紡Ｈ,東証１部
3105,日清紡Ｈ,東証１部
3106,クラボウ,東証１部
3107,ダイワボウ,東証１部
3109,シキボウ,東証１部
3110,日東紡,東証１部
3111,オーミケン,東証２部
3113,Ｏａｋキャピ,東証２部
3116,トヨタ紡織,東証１部
3121,アセットイン,東証２部
3123,サイボー,東証２部
3125,内外綿,東証２部
3131,シンデンハイ,ＪＡＱ
3132,マクニカ富士,東証１部
3133,海帆,東証マ
3134,Ｈａｍｅｅ,東証１部
3135,マーケットＥ,東証１部
3137,ファンデリー,東証マ
3138,富士山マガ,東証マ
3139,ラクトジャパン,東証１部
3140,イデアインタ,ＪＡＱ
3141,ウエルシア,東証１部
3143,オーウイル,東証２部
3147,リックコーポ,ＪＡＱ
3148,クリエイトＳＤ,東証１部
3150,グリムス,東証１部
3151,バイタル,東証１部
3153,八洲電機,東証１部
3154,メディアスＨ,東証１部
3156,ＵＫＣＨＤ,東証１部
3157,ジューテックＨ,東証１部
3159,ＣＨＩグループ,東証１部
3160,大光,東証１部
3161,アゼアス,東証２部
3165,フーマイスタ,ＪＡＱ
3166,オチＨＤ,東証１部
3167,ＴＯＫＡＩホ,東証１部
3168,黒谷,東証１部
3169,ミサワ,東証１部
3170,アイセイ薬局,ＪＡＱ
3171,MV九州,ＪＡＱ
3172,ティーライフ,東証１部
3173,大阪工機,東証１部
3174,ハピネスディ,ＪＡＱ
3175,エービカンパ,東証１部
3176,三洋貿易,東証１部
3177,ありがとう,ＪＡＱ
3178,チムニー,東証１部
3179,シュッピン,東証１部
3180,ビューティガ,東証１部
3181,買取王国,ＪＡＱ
3182,オイシックス,東証１部
3183,ウインパートナ,東証１部
3184,ＩＣＤＡ,東証２部
3185,夢展望,東証マ
3186,ネクステージ,東証１部
3187,サンワカンパ,東証マ
3189,ＡＮＡＰ,ＪＡＱ
3190,ホットマン,ＪＡＱ
3191,ジョイフル本田,東証１部
3192,白鳩,ＪＡＱ
3193,鳥貴族,東証１部
3194,キリン堂Ｈ,東証１部
3195,ジェネバス,東証マ
3196,ホットランド,東証１部
3197,すかいらーく,東証１部
3198,SFPホール,東証１部
3199,綿半Ｈ,東証１部
3201,日毛,東証１部
3202,大東紡,東証１部
3204,トーア紡Ｃ,東証１部
3205,ダイドー,東証１部
3209,カネヨウ,東証２部
3221,ヨシックス,東証１部
3222,ユナイテッドＳＭ,東証１部
3223,エスエルディ,ＪＡＱ
3224,ヒューマンウェブ,東証マ
3225,東建物販売,東証１部
3226,日本アコモ,東証１部
3227,ＭＩＤリート,東証１部
3228,三栄建設,東証１部
3230,スターマイカ,東証１部
3231,野村不ＨＤ,東証１部
3232,三重交通,東証１部
3234,森ヒルズ,東証１部
3236,プロパスト,ＪＡＱ
3237,イントランス,東証マ
3238,セントラル総合,東証２部
3240,野村不動Ｒ,東証１部
3241,ウィル,東証２部
3242,アーバネット,ＪＡＱ
3244,サムティ,東証１部
3245,ディアライフ,東証１部
3246,コーセーＲＥ,東証１部
3248,アールエイジ,東証２部
3249,産業Ｆ投資,東証１部
3250,エーデーワ,東証１部
3251,駐車場綜研,東証マ
3252,日本商業開発,東証１部
3254,プレサンス,東証１部
3258,常和ホール,東証１部
3260,エスポア,名証セ
3261,グランディ,東証マ
3263,大ハウスＲ,東証１部
3264,アスコット,ＪＡＱ
3266,Ｆクリエーション,ＪＡＱ
3267,フィルカンパニ,東証１部
3269,アドバンスレジ,東証１部
3271,THEグロバ,東証１部
3275,ハウスコム,東証１部
3276,日本管理セ,東証１部
3277,サンセイラン,東証１部
3278,ケネディ投資,東証１部
3279,アクティビア投資,東証１部
3280,エストラスト,東証１部
3281,GLP投資法人,東証１部
3282,コンフォリア投,東証１部
3283,日プロロ投資,東証１部
3284,フージャース,東証１部
3285,野村不投資,東証１部
3286,トラストＨ,東証マ
3287,星野リゾ投資,東証１部
3288,オープンハウス,東証１部
3289,東急不動産,東証１部
3290,ＳＩＡ不投資,東証１部
3291,飯田グループ,東証１部
3292,イオンリート,東証１部
3293,アズマハウス,ＪＡＱ
3294,イーグランド,東証１部
3295,ヒューリック投,東証１部
3296,日本リート投資,東証１部
3297,東武住販,ＪＡＱ
3298,インベスコＪ,東証１部
3299,ムゲンエステ,東証１部
3300,AMBITON,東証マ
3302,帝繊維,東証１部
3306,日本麻,東証２部
3308,ヘルスケア投資,東証１部
3309,積水ハウス投資,東証１部
3313,ブックオフ,東証１部
3315,日本コークス,東証１部
3316,東日コンシス,ＪＡＱ
3317,フライングＧ,ＪＡＱ
3318,メガネスーパー,ＪＡＱ
3319,ゴルフＤＯ,東証１部
3320,クロスプラス,東証２部
3321,ミタチ産業,東証１部
3322,アルファＧ,ＪＡＱ
3323,レカム,ＪＡＱ
3325,ケンコーコム,東証マ
3326,ランシステム,ＪＡＱ
3328,ＢＥＥＮＯＳ,東証１部
3329,東和フード,ＪＡＱ
3331,雑貨屋ブル,ＪＡＱ
3333,あさひ,東証１部
3341,日本調剤,東証１部
3344,ワンダーコーポ,ＪＡＱ
3346,２１ＬＡＤＹ,名証セ
3347,トラスト,東証２部
3349,コスモス薬品,東証１部
3350,フォンツＨ,ＪＡＱ
3352,バッファロー,ＪＡＱ
3353,メディ一光,ＪＡＱ
3355,クリヤマ,東証２部
3356,テリロジー,ＪＡＱ
3358,ワイエスフード,ＪＡＱ
3359,タイセイ,東証マ
3360,グリーンＨＳ,東証１部
3361,トーエル,東証１部
3366,一六堂,東証１部
3370,フジタコーポ,ＪＡＱ
3371,ソフトクリエ,東証１部
3372,関門海,東証２部
3374,内外テック,ＪＡＱ
3375,ＺＯＡ,ＪＡＱ
3376,オンリー,東証１部
3377,バイク王,東証２部
3382,セブン＆アイ,東証１部
3384,アークコア,名証セ
3385,薬王堂,東証１部
3386,コスモバイオ,ＪＡＱ
3387,クリエイトレス,東証１部
3388,明治電機,東証１部
3390,ユニバーサル,ＪＡＱ
3391,ツルハＨ,東証１部
3392,デリカフーズ,東証１部
3393,スターティア,東証１部
3394,ネットバリュー,東証２部
3395,サンマルク,東証１部
3396,フェリシモ,東証１部
3397,トリドール,東証１部
3398,クスリのアオキ,東証１部
3399,丸千代山岡,ＪＡＱ
3401,帝人,東証１部
3402,東レ,東証１部
3405,クラレ,東証１部
3407,旭化成,東証１部
3408,サカイオーベ,東証１部
3409,北日紡,東証２部
3415,TOKYO BASE,東証１部
3416,ビクタス,東証マ
3417,大木ヘルス,ＪＡＱ
3418,バルニバーバ,東証マ
3419,アートグリーン,名証セ
3420,ケーエフシー,東証２部
3421,稲葉製作,東証１部
3422,丸順,名古２部
3423,エスイー,ＪＡＱ
3424,ミヤコ,ＪＡＱ
3426,アトムリビン,ＪＡＱ
3431,宮地エンジ,東証１部
3433,トーカロ,東証１部
3434,アルファＣｏ,東証１部
3435,サンコーテク,東証２部
3436,ＳＵＭＣＯ,東証１部
3437,特殊電極,ＪＡＱ
3439,三ツ知,ＪＡＱ
3440,日創プロニティ,東証２部
3441,山王,ＪＡＱ
3442,MIEコーポ,名古２部
3443,川田テクノ,東証１部
3444,菊池製作所,ＪＡＱ
3445,RSTechnologies,東証１部
3446,ジェイテックＣ,東証１部
3447,信　和,東証１部
3449,テクノフレックス,東証２部
3451,トーセイリート,東証１部
3452,ビーロット,東証１部
3453,ケネディクス投資,東証１部
3454,Ｆブラザーズ,東証１部
3455,ヘルスケア,東証１部
3457,ハウスドゥ,東証１部
3458,シーアールイー,東証１部
3459,サムティレジ,東証１部
3460,Ｊシニア投信,東証１部
3461,パルマ,東証マ
3462,野村不動ＭＦ,東証１部
3463,いちごホテル,東証１部
3464,プロパティＡ,東証１部
3465,ケイアイスター,東証１部
3466,ラサールロジ,東証１部
3467,アグレ都市,東証１部
3468,スターアジア,東証１部
3469,デュアルタップ,東証２部
3470,マリモ地方投資,東証１部
3471,三井不動投資法人,東証１部
3472,大江戸温泉Ｒ,東証１部
3473,さくら総合投信,東証１部
3474,Ｇファクトリ,東証マ
3475,グッドコム,東証１部
3476,投資法人みらい,東証１部
3477,フォーライフ,東証マ
3478,森トラスト法人,東証１部
3479,テケーピー,東証マ
3480,ジェイヱスビー,東証１部
3481,三菱地物流,東証１部
3482,ロードスター,東証マ
3484,テンポノイベ－ション,東証１部
3486,グローバルリンク,東証１部
3487,CREロジスティクス,東証１部
3488,ザイマックス投資,東証１部
3489,フェイスネット,東証１部
3490,アズ企画設計,ＪＡＱ
3491,ＧＡテクノロジー,東証マ
3492,タカラレーペン,東証１部
3493,伊藤忠アドバンス,東証１部
3494,マリオン,ＪＡＱ
3495,香稜住販,ＪＡＱ
3496,アズーム,東証マ
3497,リーガル不動,東証マ
3498,霞ヶ関キャピ,東証マ
3501,住江織,東証１部
3504,丸八ホール,名古２部
3512,フエルト,東証１部
3513,イチカワ,東証１部
3514,バイリーン,東証１部
3515,フジコー,ＪＡＱ
3521,エコナホール,東証１部
3524,日東網,東証１部
3526,芦森工,東証１部
3528,グローベルス,東証２部
3529,アツギ,東証１部
3536,アクサスＨ,ＪＡＱ
3537,昭栄薬品,ＪＡＱ
3538,ウイルプラス,東証１部
3539,JMホール,東証１部
3540,歯愛メディカル,ＪＡＱ
3541,農業研究所,東証マ
3542,ベガコーポ,東証マ
3543,コメダＨＤ,東証１部
3544,サツドラＨ,東証１部
3545,デファクト,東証１部
3546,ダイユーリック,東証１部
3547,串カツ田中,東証１部
3548,バロックＪ,東証１部
3549,クスリのアオキ,東証１部
3550,スタジオアタオ,東証マ
3551,ダイニック,東証１部
3553,共和レ,東証１部
3556,リネットＪ,東証マ
3557,ユナイテット＆,東証マ
3558,ロコンド,東証マ
3559,ピーバン,東証１部
3560,ほぼ日,ＪＡＱ
3561,力の源,東証１部
3562,Ｎｏ.１,ＪＡＱ
3563,スシロー,東証１部
3564,LIXILビバ,東証１部
3565,アセンテック,東証１部
3566,ユニネクスト,東証マ
3569,セーレン,東証１部
3571,ソトー,東証１部
3577,東海染,東証１部
3578,倉庫精,東証２部
3580,小松マテーレ,東証１部
3583,オーベクス,東証２部
3587,ＩＢダイワ,ＪＡＱ
3591,ワコールＨ,東証１部
3593,ホギメデ,東証１部
3597,自重堂,東証２部
3598,山喜,東証２部
3599,コーコス,ＪＡＱ
3600,フジックス,東証２部
3604,川本産業,東証２部
3606,レナウン,東証１部
3607,クラウディア,東証１部
3608,ＴＳＩホール,東証１部
3611,マツオカコーポ,東証１部
3612,ワールド,東証１部
3622,ネットイヤー,東証マ
3623,ビリングシス,東証マ
3624,アクセルＭ,東証マ
3625,テックファーム,ＪＡＱ
3626,ＩＴホール,東証１部
3627,ＪＮＳホール,東証１部
3628,データホライ,東証マ
3630,電算システム,東証１部
3632,グリー,東証１部
3633,ペパボーイ,東証１部
3634,ソケッツ,東証２部
3635,コーエテクモ,東証１部
3636,三菱総研,東証１部
3639,ボルテージ,東証１部
3640,電算,東証１部
3641,パピレス,ＪＡＱ
3645,日メディカル,東証マ
3646,駅探,東証マ
3647,コネクトＨ,東証２部
3648,ＡＧＳ,東証１部
3649,ファインデックス,東証１部
3652,デジタルメディ,東証マ
3653,モルフォ,東証マ
3654,ヒトコミュニ,東証１部
3655,ブレインパッド,東証１部
3656,Klab,東証１部
3657,ポールピット,東証１部
3658,イーブック,東証１部
3659,ネクソン,東証１部
3660,アイスタイル,東証１部
3661,エムアップ,東証１部
3662,エイチーム,東証１部
3663,アートスパーク,東証２部
3664,モブキャスト,東証マ
3665,エニグモ,東証１部
3666,テクノスＪ,東証１部
3667,ENISH,東証１部
3668,コロプラ,東証１部
3669,モクリエイト,東証１部
3670,協立情報,ＪＡＱ
3671,ソフトマックス,東証マ
3672,オルトプラス,東証１部
3673,ブロードリーフ,東証１部
3674,オークファン,東証マ
3675,クロスマーケ,東証１部
3676,ハーツユナイ,東証１部
3677,システム情報,東証１部
3678,メディアドゥ,東証１部
3679,じげん,東証１部
3680,ホットリンク,東証マ
3681,ブイキューブ,東証１部
3682,エンカレッジ,東証１部
3683,サイバーリンク,東証１部
3685,みんなのＷ,東証マ
3686,デーエルイー,東証１部
3687,フィックスターズ,東証１部
3688,ＶＯＹＡＧＥ,東証１部
3689,イグニス,東証マ
3690,イルグルム,東証マ
3691,リアルワールド,東証マ
3692,ＦＦＲＩ,東証マ
3694,オプティム,東証１部
3695,ＧＭＯリサ,東証マ
3696,セレス,東証１部
3697,ＳＨＩＦＴ,東証１部
3698,ミドルウェア,東証マ
3708,特殊東海Ｈ,東証１部
3710,ジョルダン,ＪＡＱ
3711,創通,ＪＡＱ
3712,情報企画,東証２部
3719,ＢＢＨ,ＪＡＱ
3723,ファルコム,東証マ
3724,ベリサーブ,東証１部
3726,フォーシーズ,東証２部
3727,アプリックス,東証マ
3731,京王ズＨ,東証マ
3733,ソフトサービス,ＪＡＱ
3734,インテアＨ,東証マ
3738,ティーガイア,東証１部
3739,コムシード,名証セ
3741,セック,東証１部
3742,デュオシス,東証マ
3744,テンアートニ,東証２部
3747,インタートレ,東証２部
3750,FRACTALE,東証２部
3751,日アジアＧ,東証１部
3753,フライトシス,東証２部
3754,エキサイト,ＪＡＱ
3756,豆蔵Ｈ,東証１部
3758,アエリア,ＪＡＱ
3760,ケイブ,ＪＡＱ
3762,テクマトリクス,東証１部
3763,プロシップ,東証１部
3765,ガンホー,東証１部
3766,システムズＤ,ＪＡＱ
3768,Ｒモンスター,東証２部
3769,ＧＭＯＰＧ,東証１部
3770,ザッパラス,東証１部
3771,システムＲ,東証１部
3772,ウェルスマネジメント,東証２部
3773,アドメディア,東証マ
3774,イニシアティ,東証１部
3775,ガイアックス,名証セ
3776,ＢＢタワー,ＪＡＱ
3777,ターボリナックス,ＪＡＱ
3778,さくらネット,東証１部
3779,ジェイエスコム,ＪＡＱ
3782,ＤＤＳ,東証マ
3784,ヴィンクス,東証１部
3785,エイティング,東証マ
3787,テクノマセマ,東証２部
3788,ＧＭＯ,東証１部
3790,日オフイス,ＪＡＱ
3791,ＩＧポート,ＪＡＱ
3793,ドリコム,東証マ
3794,ＮＤソフト,東証２部
3796,いい生活,東証２部
3798,ウルシステム,ＪＡＱ
3799,キーウェアソ,東証２部
3800,ユニリタ,ＪＡＱ
3802,エコミック,ＪＡＱ
3803,イメージ情報,ＪＡＱ
3804,システムディ,ＪＡＱ
3807,フィスコ,ＪＡＱ
3808,ＯＫウェイヴ,名証セ
3810,サイバーステップ,東証２部
3811,ビットアイル,東証１部
3814,アルファクス,ＪＡＱ
3815,メディア工房,東証マ
3816,大和コンピ,ＪＡＱ
3817,ＳＲＡ,東証１部
3822,Minoriソリュー,東証１部
3823,アクロディア,東証２部
3825,リミックス,東証２部
3826,システムイン,東証１部
3828,ニフティ,東証２部
3830,ギガプライ,名証セ
3831,パイプドビッツ,東証１部
3832,T&Cホール,ＪＡＱ
3834,朝日ネット,東証１部
3835,eBASE,東証１部
3836,アバント,東証１部
3837,アドソル日進,東証１部
3839,ODKソリュー,東証１部
3840,パス,東証２部
3841,ジーダット,ＪＡＱ
3842,ネクストジ,ＪＡＱ
3843,フリービット,東証１部
3844,コムチュア,東証１部
3845,アイフリーク,ＪＡＱ
3847,パシフィック,ＪＡＱ
3848,データアプリ,ＪＡＱ
3850,ＮＴＴデータ,東証２部
3851,日本一ソフト,ＪＡＱ
3852,サイパーコム,東証１部
3853,アステリア,東証１部
3854,アイル,東証１部
3856,Abalance,東証２部
3857,ラックＨ,ＪＡＱ
3858,ユビキタス,ＪＡＱ
3861,王子紙,東証１部
3863,日本製紙,東証１部
3864,三菱紙,東証１部
3865,北越紙,東証１部
3877,中越パ,東証１部
3878,巴川紙,東証１部
3880,大王紙,東証１部
3891,高度紙,ＪＡＱ
3892,岡山製紙,ＪＡＱ
3895,ハビックス,ＪＡＱ
3896,阿波製紙,東証１部
3900,クラウドワークス,東証マ
3901,ークラインズ,東証１部
3902,メディカルデータ,東証１部
3903,gumi,東証１部
3904,カヤック,東証マ
3905,データセクション,東証マ
3906,ＡＬＢＥＲＴ,東証マ
3907,シリコンスタジオ,東証マ
3908,コラボス,東証マ
3909,ショーケース,東証１部
3910,ＭＫシステム,ＪＡＱ
3911,Aiming,東証マ
3912,モバイルＦ,東証１部
3913,sMedio,東証マ
3914,ジグソー,東証マ
3915,テラスカイ,東証１部
3916,デジタルイン,東証１部
3917,アイリッジ,東証マ
3918,ＰＣＩホール,東証１部
3919,パイプドＨ,東証１部
3920,アイビーシー,東証１部
3921,ネオジャパン,東証１部
3922,PR TIMES,東証１部
3923,ラクス,東証マ
3924,ランドコンビュター,東証１部
3925,ダブルスタン,東証１部
3926,オープンドア,東証１部
3927,フーバーブレイン,東証マ
3928,マイネット,東証１部
3929,ソーシャルワイヤー,東証マ
3930,はてな,東証マ
3931,バリューＧ,東証マ
3932,アカツキ,東証１部
3933,チエル,ＪＡＱ
3934,ベネフィット,東証１部
3935,エディア,東証マ
3936,グローバルウェイ,東証マ
3937,Ubicomホール,東証１部
3938,ＬＩＮＥ,東証１部
3939,カナミック,東証１部
3940,ノムラシステム,東証１部
3941,レンゴー,東証１部
3944,古林紙,東証２部
3945,スパバッグ,東証２部
3946,トーモク,東証１部
3947,ダイナパック,東証２部
3948,光ビジネス,ＪＡＱ
3950,ザ・パック,東証１部
3951,朝日印刷,東証２部
3952,中央紙器,名古２部
3953,大村紙業,ＪＡＱ
3954,昭和パックス,ＪＡＱ
3955,イムラ封筒,東証２部
3956,国際チャート,ＪＡＱ
3960,バリューデザイン,東証マ
3961,シルバーエッグ,東証マ
3962,チェンジ,東証１部
3963,シンクロフード,東証１部
3964,オークネット,東証１部
3965,キャピタルアセ,東証１部
3966,ユーザベース,東証マ
3967,エステル,東証マ
3968,セグエＧ,東証１部
3969,エイトレッド,東証１部
3970,イノベーション,東証マ
3974,ＴＢＣスキャット,ＪＡＱ
3975,ＡＯＩ ＴＹＯ,東証１部
3976,シャノン,東証マ
3978,マクロミル,東証１部
3979,うるる,東証マ
3981,ビーグリー,東証１部
3983,オロ,東証１部
3984,ユーザローカル,東証１部
3985,テモナ,東証１部
3986,ビーブレイク,東証マ
3987,エコモット,東証マ
3988,ＳＹＳホール,ＪＡＱ
3989,シェアリングテク,東証マ
3990,ＵＵＭ,東証マ
3991,ウォンテッドリー,東証マ
3992,ニーズウェル,東証１部
3993,パークシャテク,東証マ
3994,マネーフォワード,東証マ
3995,SKIYAKI,東証マ
3996,サインポスト,東証１部
3997,トレードワークス,ＪＡＱ
3998,すららネット,東証マ
3999,ナレッジスイート,東証マ
4003,コープケミ,東証１部
4004,昭電工,東証１部
4005,住友化学,東証１部
4007,日化成,東証１部
4008,住友精化,東証１部
4011,ヘッドウォータース,東証マ
4012,アクシス,東証マ
4013,日通システム,東証マ
4014,カラダノート,東証マ
4015,アララ,東証マ
4016,ＭＩＴホールディングス,ＪＡＱ
4017,クリーマ,東証マ
4019,スタメン,東証マ
4020,ビートレンド,東証マ
4021,日産化,東証１部
4022,ラサ工,東証１部
4023,クレハ,東証１部
4025,多木化,東証１部
4026,神島化,東証２部
4027,テイカ,東証１部
4028,石原産,東証１部
4031,チッカリン,東証１部
4033,日東エフシー,東証１部
4041,日曹達,東証１部
4042,東ソー,東証１部
4043,トクヤマ,東証１部
4044,セ硝子,東証１部
4045,東合成,東証１部
4046,ダイソー,東証１部
4047,関電化,東証１部
4051,GMOファイナ,東証マ
4052,フィーチャ,東証マ
4053,サンアスタリスク,東証マ
4054,日本情報クリエイト,東証マ
4055,ティアンドエス,東証マ
4056,ニューラルポケット,東証マ
4057,インターファクトリー,東証マ
4058,トヨクモ,東証マ
4059,まぐまぐ,ＪＡＱ
4060,ラクモ,東証マ
4061,電化,東証１部
4062,イビデン,東証１部
4063,信越化,東証１部
4064,カーバイド,東証１部
4078,堺化学,東証１部
4080,田中化研,ＪＡＱ
4082,第一稀元素,東証１部
4088,エアウォータ,東証１部
4091,大陽日酸,東証１部
4092,日本化,東証１部
4093,アセチレン,東証１部
4094,日化産,東証２部
4095,パーカライ,東証１部
4097,高圧ガス,東証１部
4098,チタン,東証１部
4099,四国化,東証１部
4100,戸田工,東証１部
4102,丸尾カル,東証２部
4107,伊勢化,東証２部
4109,ステラケミ,東証１部
4112,保土谷,東証１部
4113,田岡化,東証２部
4114,日触媒,東証１部
4115,本州化,東証２部
4116,大日精,東証１部
4117,川崎化,東証２部
4118,カネカ,東証１部
4119,ピグメント,東証２部
4120,スガイ,東証２部
4124,大阪油化工業,ＪＡＱ
4151,協発キリン,東証１部
4165,プレイド,東証マ
4166,かっこ,東証マ
4167,ココペリ,東証マ
4168,ヤプリ,東証マ
4169,エネチェンジ,東証マ
4170,カイゼンプラット,東証マ
4171,グローバルインフォ,ＪＡＱ
4172,東和ハイシステム,ＪＡＱ
4173,ワカル,東証マ
4174,アピリッツ,ＪＡＱ
4175,コリー,東証マ
4182,菱ガス化,東証１部
4183,三井化学,東証１部
4185,ＪＳＲ,東証１部
4186,東応化,東証１部
4187,大阪有機,東証１部
4188,三菱ケミカル,東証１部
4189,ＫＨネオケム,東証１部
4201,日合成,東証１部
4202,ダイセル,東証１部
4203,住友ベ,東証１部
4204,積水化,東証１部
4205,ゼオン,東証１部
4206,アイカ,東証１部
4208,宇部興,東証１部
4212,積水樹,東証１部
4215,タキロン,東証１部
4216,旭有機,東証１部
4217,日立化成,東証１部
4218,ニチバン,東証１部
4220,リケンテクノ,東証１部
4221,大倉工,東証１部
4222,児玉化,東証２部
4224,ロンシール,東証２部
4228,積化成,東証１部
4229,群栄化,東証１部
4231,タイガポリ,東証１部
4234,サンエー化研,ＪＡＱ
4235,第一化成,ＪＡＱ
4237,フジプレアム,ＪＡＱ
4238,ミライアル,東証１部
4239,ポラテクノ,ＪＡＱ
4240,クラスター,ＪＡＱ
4241,アテクト,ＪＡＱ
4242,タカギセイコ,ＪＡＱ
4243,ニックス,ＪＡＱ
4245,ダイキアク,東証１部
4246,ダイキョー,東証１部
4247,ポバール興業,名古２部
4248,竹本容器,東証１部
4249,森六ホール,東証１部
4251,恵　和,東証１部
4272,日化薬,東証１部
4274,細火工,ＪＡＱ
4275,カーリット,東証１部
4281,ＤＡコンソー,ＪＡＱ
4282,イーピーエス,東証１部
4283,パナインフォ,東証１部
4284,ソルクシーズ,東証１部
4286,レッグス,東証１部
4287,ジャストプラ,ＪＡＱ
4288,アズジェント,ＪＡＱ
4290,プレスインタ,東証１部
4291,ＪＩＥＣ,東証２部
4293,セプテーニ,ＪＡＱ
4295,フェイス,東証１部
4298,プロトコーポ,東証１部
4299,ハイマックス,東証１部
4301,アミューズ,東証１部
4304,Ｅストアー,ＪＡＱ
4307,野村総研,東証１部
4308,Ｊストリーム,東証マ
4310,Ｄインキュ,東証１部
4312,サイバネット,東証１部
4316,ビーマップ,ＪＡＱ
4317,レイ,ＪＡＱ
4318,クイック,東証１部
4319,ＴＡＣ,東証１部
4320,ＣＥホール,東証１部
4321,ケネディクス,東証１部
4323,日システム技,東証１部
4324,電通Ｇ,東証１部
4326,インテージ,東証１部
4327,日本ＳＨＬ,ＪＡＱ
4331,テイクギヴ,東証１部
4333,東邦システム,東証１部
4334,ユークス,ＪＡＱ
4335,ＩＰＳ,ＪＡＱ
4336,クリエアナブ,ＪＡＱ
4337,ぴあ,東証１部
4341,西菱電機,東証２部
4342,セコム上信越,東証２部
4343,イオンＦ,東証１部
4344,ソースネクス,東証１部
4345,ＣＴＳ,東証１部
4346,ネクシィーズ,東証１部
4347,クラビット,ＪＡＱ
4348,インフォコム,東証１部
4349,テスク,名古２部
4350,メディカシス,東証１部
4351,山田債権管理,ＪＡＱ
4355,ロングライフ,ＪＡＱ
4356,応用技術,ＪＡＱ
4358,ＴＹＯ,東証１部
4361,川口化,東証２部
4362,日精化,東証１部
4364,マナック,東証２部
4365,松本油脂,ＪＡＱ
4366,ダイトーケミ,東証２部
4367,広栄化学,東証２部
4368,扶桑化学工業,東証１部
4369,トリケミカル,東証１部
4380,Ｍマート,東証マ
4381,ビーフラッツ,東証マ
4382,HEROZ,東証１部
4384,ラクスル,東証１部
4385,メルカリ,東証マ
4386,ＳＩＧ,東証２部
4387,ＺＵＵ,東証マ
4388,エーアイ,東証マ
4389,プロパティーＤＢ,東証マ
4390,ＩＰＳ,東証１部
4391,ロジサード,東証マ
4392,ＦＩＧ,東証１部
4393,イノベーション,東証マ
4394,クスモーション,東証マ
4395,アクリート,東証マ
4396,システムサポ,東証１部
4397,チームスピリット,東証マ
4398,ブロードバンド,ＪＡＱ
4399,くふうカンパニ,東証マ
4401,ＡＤＥＫＡ,東証１部
4403,日油脂,東証１部
4404,ミヨシ,東証１部
4406,日理化,東証１部
4409,東邦化,東証２部
4410,ハリマ化成,東証１部
4420,イーソル,東証１部
4421,デイアイシス,ＪＡＱ
4422,ＶＡＬＵＥＮＥＸ,東証マ
4423,アルテリアネット,東証１部
4424,アメイジア,東証マ
4425,Ｋｕｄａｎ,東証マ
4427,Ｅｄｕｌａｂ,東証１部
4428,リンク,東証マ
4429,リックソフト,東証マ
4430,東海ソフト,東証１部
4431,スマレジ,東証マ
4433,ヒトコムＨＤ,東証１部
4434,スーパーワークス,東証１部
4435,カオナビ,東証マ
4436,ミンカブ,東証マ
4437,gooddaysホール,東証マ
4438,Welby,東証マ
4439,東　名,東証１部
4440,ヴィッツ,東証１部
4441,トビラシステムズ,東証１部
4442,バルテス,東証マ
4443,サンサン,東証１部
4444,インフォネット,東証マ
4445,リビングテクノ,東証マ
4446,Link-U,東証１部
4448,Chat work,東証マ
4449,ギフティ,東証１部
4450,パワーソリュー,東証マ
4452,花王,東証１部
4461,一工薬,東証１部
4462,石原ケミカル,東証１部
4463,日華化学,東証１部
4464,ソフト９９,東証２部
4465,ニイタカ,東証１部
4471,三洋化,東証１部
4475,ヘンゲ,東証マ
4476,エーアイクロス,東証マ
4477,ＢＡＳＥ,東証マ
4478,フリー,東証マ
4479,マクアケ,東証マ
4480,メドレー,東証マ
4481,ベース,東証１部
4482,ウィルズ,東証マ
4483,JMDC,東証マ
4484,ランサーズ,東証マ
4485,ジェイタワー,東証マ
4486,ユナイトアンド,東証マ
4487,スペースマーケット,東証マ
4488,AI inside,東証マ
4490,ビザスク,東証マ
4491,コンピュータマネジ,ＪＡＱ
4492,ゼネテック,ＪＡＱ
4493,サイバーセキュリティ,東証マ
4494,バリオセキュア,東証２部
4495,アイキューブ,東証マ
4496,コーマスOne,東証マ
4497,ロコガイド,東証マ
4499,スピー,ＪＡＱ
4502,武田,東証１部
4503,アステラス薬,東証１部
4506,大日住友薬,東証１部
4507,塩野義,東証１部
4508,田辺薬,東証１部
4512,わかもと,東証１部
4514,あすか製薬,東証１部
4516,日新薬,東証１部
4517,ビオフェル,東証１部
4519,中外薬,東証１部
4521,科研薬,東証１部
4523,エーザイ,東証１部
4524,仁丹,東証２部
4526,理研ビタミン,東証１部
4527,ロート,東証１部
4528,小野薬,東証１部
4530,久光薬,東証１部
4531,有機薬,東証１部
4534,持田薬,東証１部
4536,参天薬,東証１部
4538,扶桑薬,東証１部
4539,ケミファ,東証１部
4540,ツムラ,東証１部
4541,日医工,東証１部
4543,テルモ,東証１部
4544,ＨUグループ,東証１部
4547,キッセイ,東証１部
4548,生化学,東証１部
4549,栄研化,東証１部
4550,日水薬,東証１部
4551,鳥居薬,東証１部
4552,ＪＣＲファーマ,東証１部
4553,東和薬品,東証１部
4554,富士製薬,東証１部
4555,沢井製薬,東証１部
4556,カイノス,ＪＡＱ
4557,医学生物,ＪＡＱ
4558,中京医薬,ＪＡＱ
4559,ゼリア新薬,東証１部
4563,アンジェス,東証マ
4564,オンコセラピ,東証マ
4565,そーせい,東証マ
4568,第一三共,東証１部
4569,キョーリン,東証１部
4570,免疫研究所,ＪＡＱ
4571,ナノキャリ,東証マ
4572,カルナバイオ,ＪＡＱ
4573,アールテック,ＪＡＱ
4574,大幸薬品,東証１部
4575,キャンバス,東証マ
4576,セラピテク研,ＪＡＱ
4577,ダイト,東証１部
4578,大塚ホール,東証１部
4579,ラクオリア,ＪＡＱ
4581,大正製薬Ｈ,東証１部
4582,シンバイオ,ＪＡＱ
4583,バイオサイ,東証マ
4584,ジーンテクノ,東証マ
4585,ＵＭＮファ,東証マ
4586,メドレックス,東証マ
4587,ペプチドリ,東証１部
4588,オンコリス,東証マ
4591,リボミック,東証マ
4592,サンバイオ,東証マ
4593,ヘリオス,東証マ
4594,ブライトパスバイオ,東証マ
4595,ミズホメディー,東証２部
4596,窪田製薬,東証マ
4597,ソレイシア,東証マ
4598,Ｄｅｌｔａ?Ｆｌｙ,東証マ
4599,ステムリム,東証マ
4611,大日塗,東証１部
4612,日本ペ,東証１部
4613,関西ペ,東証１部
4615,神東塗,東証１部
4616,川上塗,東証２部
4617,中国塗,東証１部
4619,日特塗,東証１部
4620,藤倉化,東証１部
4621,ロック,東証２部
4623,アサヒペン,東証２部
4624,イサム,東証２部
4625,アトミクス,ＪＡＱ
4626,太陽インキ,東証１部
4627,ナトコ,ＪＡＱ
4628,エスケー化研,ＪＡＱ
4629,大伸化学,ＪＡＱ
4631,ＤＩＣ,東証１部
4633,サカタＩＮＸ,東証１部
4634,洋インキ,東証１部
4635,東インキ,東証２部
4636,Ｔ＆Ｋ,東証１部
4640,アンドール,ＪＡＱ
4641,アルプス技,東証１部
4642,オリジナル設,東証２部
4644,イマジニア,ＪＡＱ
4645,市進Ｈ,ＪＡＱ
4649,大成,名古２部
4650,スガイエンタ,ＪＡＱ
4651,サニックス,東証１部
4653,ダイオーズ,東証１部
4656,サン・ライフ,ＪＡＱ
4657,環境管理,ＪＡＱ
4658,日本空調,東証１部
4659,エイジス,ＪＡＱ
4661,ＯＬＣ,東証１部
4662,フォーカス,東証１部
4664,ＲＳＣ,ＪＡＱ
4665,タ゜スキン,東証１部
4666,パーク２４,東証１部
4667,アイサンテク,ＪＡＱ
4668,明光ネット,東証１部
4669,ニッパンＲ,ＪＡＱ
4671,ファルコバ,東証１部
4673,川崎地質,ＪＡＱ
4674,クレスコ,東証１部
4676,フジメディアＨ,東証１部
4678,秀英,東証１部
4679,田谷,東証１部
4680,ラウンドワン,東証１部
4681,リゾートトラ,東証１部
4684,オービック,東証１部
4685,菱友システム,ＪＡＱ
4686,ジャスト,東証１部
4687,ＴＤＣソフト,東証１部
4689,ヤフー,東証１部
4690,日パレット,ＪＡＱ
4691,ワシントンホテル,東証２部
4694,ＢＭＬ,東証１部
4695,マイスター,東証２部
4696,ワタベ,東証１部
4699,ウチダエスコ,ＪＡＱ
4704,トレンド,東証１部
4705,クリップ,ＪＡＱ
4707,キタック,ＪＡＱ
4708,もしもしＨＬ,東証１部
4709,インホメＤ,東証１部
4712,アドアーズ,ＪＡＱ
4714,リソー教育,東証１部
4716,日本オラクル,東証１部
4718,早稲アカ,東証１部
4719,アルファシス,東証１部
4720,城南進研,ＪＡＱ
4722,フューチャー,東証１部
4725,ＣＡＣ,東証１部
4726,ソフトテク,東証１部
4728,トーセ,東証１部
4732,ＵＳＳ,東証１部
4733,ＯＢＣ,東証１部
4734,ビーイング,ＪＡＱ
4735,京進,東証２部
4736,日本ラッド,ＪＡＱ
4739,伊藤忠テクノ,東証１部
4743,アイティフォ,東証１部
4744,メッツ,東証マ
4745,東京個別,東証１部
4746,東計電算,東証１部
4748,構造計画,ＪＡＱ
4750,ダイサン,東証２部
4751,サイバエージ,東証１部
4752,昭和システム,ＪＡＱ
4754,トスネット,ＪＡＱ
4755,楽天,東証１部
4760,ＡＬＰＨＡ,ＪＡＱ
4761,さくらＫＣＳ,東証２部
4762,エクスネット,東証１部
4763,クリークリバ,東証１部
4764,Ｄデザイン,ＪＡＱ
4765,モーニングＳ,東証１部
4766,ピーエイ,東証２部
4767,ＴＯＷ,東証１部
4768,大塚商会,東証１部
4769,インフォクリ,ＪＡＱ
4770,図研エルミック,東証２部
4771,Ｆ＆Ｍ,ＪＡＱ
4772,デジタルアド,ＪＡＱ
4775,総合メディカ,東証１部
4776,サイボウズ,東証１部
4777,ガーラ,ＪＡＱ
4779,ソフトブレン,東証１部
4781,日本ハウズ,東証２部
4783,日ダイナミク,ＪＡＱ
4784,GMOアド,ＪＡＱ
4792,山田コンサル,東証１部
4793,富士通ＢＳＣ,ＪＡＱ
4798,ＬＣＡホール,東証２部
4799,アグレックス,東証１部
4800,オリコン,ＪＡＱ
4801,セントラルＳ,東証１部
4809,パラカ,東証１部
4812,電通国際情報,東証１部
4813,ＡＣＣＥＳＳ,東証１部
4814,ネクストウェ,ＪＡＱ
4816,東映アニメ,ＪＡＱ
4819,デジタルガレ,東証１部
4820,イーエムシス,東証１部
4824,メディアＳ,東証マ
4825,ウェザーニュ,東証１部
4826,ＣＩＪ,東証１部
4828,東洋ビジネス,東証１部
4829,日本エンター,東証１部
4832,ＪＦＥシス,東証２部
4833,ぱど,ＪＡＱ
4837,シダックス,ＪＡＱ
4838,Ｓシャワー,ＪＡＱ
4839,ＷＯＷＯＷ,東証１部
4840,トライアイズ,ＪＡＱ
4842,ＵＳＥＮ,ＪＡＱ
4845,Ｆパートナー,東証１部
4847,インテリＷ,東証１部
4848,フルキャストＨ,東証１部
4849,エンジャパン,東証１部
4880,セルソース,東証マ
4881,ファンペップ,東証マ
4883,モダリス,東証マ
4884,クリングルファーマ,東証マ
4885,室町ケミカル,ＪＡＱ
4901,富士フィルム,東証１部
4902,コニカミノルタ,東証１部
4911,資生堂,東証１部
4912,ライオン,東証１部
4914,高砂香,東証１部
4917,マンダム,東証１部
4918,アイビー,ＪＡＱ
4919,ミルボン,東証１部
4920,日本色材,ＪＡＱ
4921,ファンケル,東証１部
4922,コーセー,東証１部
4923,コタ,東証１部
4924,Ｄｒシーラボ,東証１部
4925,ハーバー研,ＪＡＱ
4926,シーボン,東証１部
4927,ポーラオルビ,東証１部
4928,ノエビアＨ,東証１部
4929,アジュバン,東証１部
4930,グラフィコ,ＪＡＱ
4931,新日本製薬,東証１部
4933,アイエヌイー,東証マ
4934,プレミアアン,東証マ
4935,リベルタ,ＪＡＱ
4936,アクシージア,東証マ
4951,エステー,東証１部
4952,ＳＤＳバイオ,東証２部
4955,アグロカネシ,東証１部
4956,コニシ,東証１部
4957,ヤスハラケミ,東証２部
4958,長谷川香料,東証１部
4960,ケミプロ,東証２部
4962,互応化学,東証２部
4963,星光ＰＭＣ,東証１部
4965,曽田香料,ＪＡＱ
4966,上村工,東証２部
4967,小林製薬,東証１部
4968,荒川化工,東証１部
4970,東洋合成,ＪＡＱ
4971,メック,東証１部
4972,綜研化学,ＪＡＱ
4973,日本高純度化,東証１部
4974,タカラバイオ,東証１部
4975,荏原ユージ,東証１部
4976,東洋ドライ,ＪＡＱ
4977,新田ゼラチン,東証１部
4978,リプロセル,ＪＡＱ
4979,ＯＡＴアグリオ,東証１部
4980,デクセリアルズ,東証１部
4985,アース製薬,東証１部
4987,寺岡製,東証２部
4989,イハラケミ,東証１部
4990,昭和化,東証２部
4992,北興化,東証１部
4994,大成ラミック,東証１部
4996,クミアイ化,東証１部
4997,日農薬,東証１部
4998,フマキラ,東証２部
4999,セメダイン,東証２部
5002,昭和シェル,東証１部
5007,コスモ石,東証１部
5008,東亜石,東証２部
5009,富士興,東証１部
5010,日精蝋,東証２部
5011,ニチレキ,東証１部
5012,東燃ゼネ石,東証１部
5013,ユシロ,東証１部
5015,ＢＰカスト,東証１部
5017,ＡＯＣＨＤ,東証１部
5018,ＭＯＲＥＳＣＯ,東証１部
5019,出光興産,東証１部
5020,ＪＸホール,東証１部
5021,コスモエネルキ゜,東証１部
5070,ドラフト,東証マ
5071,ヴィス,東証マ
5101,浜ゴム,東証１部
5103,昭和ホールデ,東証２部
5104,日東化工,東証２部
5105,洋ゴム,東証１部
5108,ブリヂストン,東証１部
5110,住友ゴ,東証１部
5121,藤ゴム,東証１部
5122,オカモト,東証１部
5142,アキレス,東証１部
5161,西川ゴム,東証２部
5162,朝日ラバー,ＪＡＱ
5184,ニチリン,東証２部
5185,フコク,東証１部
5186,ニッタ,東証１部
5187,クリエート,東証１部
5189,桜ゴム,東証２部
5191,東海ゴ,東証１部
5192,三星ベ,東証１部
5194,相模ゴ,東証２部
5195,バンドー,東証１部
5196,鬼ゴム,東証１部
5199,不二ラテ,ＪＡＱ
5201,旭硝子,東証１部
5202,板硝子,東証１部
5204,石塚硝,東証１部
5208,有沢製,東証１部
5210,日山村硝,東証１部
5212,不二硝,ＪＡＱ
5214,日電硝,東証１部
5216,倉元,ＪＡＱ
5217,テクノクオツ,ＪＡＱ
5218,オハラ,東証１部
5232,住友大阪,東証１部
5233,太平洋セメ,東証１部
5234,デイ・シイ,東証１部
5237,ノザワ,東証２部
5261,リゾートソリュ,東証１部
5262,日ヒューム,東証１部
5268,旭コン,東証２部
5269,日コン,東証１部
5271,トヨアサノ,東証２部
5273,三谷セキ,東証１部
5277,スパンクリト,ＪＡＱ
5279,日本興業,ＪＡＱ
5280,ヨシコン,ＪＡＱ
5282,ジオスター,東証２部
5283,高見沢,ＪＡＱ
5284,ヤマウ,ＪＡＱ
5285,ヤマックス,ＪＡＱ
5287,イトヨーギョ,東証２部
5288,Ｊパイル,東証１部
5289,ゼニス羽田,東証２部
5290,ベルテクス,東証２部
5301,東海カ,東証１部
5302,カーボン,東証１部
5304,ＳＥＣカーボン,東証２部
5310,東洋炭素,東証１部
5331,ノリタケ,東証１部
5332,ＴＯＴＯ,東証１部
5333,ガイシ,東証１部
5334,特殊陶,東証１部
5337,ダントーＨ,東証１部
5341,アサヒ陶,東証２部
5342,ジャニス,名古２部
5343,ニッコー,名古２部
5344,ＭＡＲＵＷＡ,東証１部
5351,白煉瓦,東証１部
5352,黒崎,東証１部
5355,ルツボ,東証２部
5356,美濃窯,名古２部
5357,ヨータイ,東証１部
5358,イソライト,東証１部
5363,ＴＹＫ,東証１部
5367,ニッカトー,東証１部
5368,日インシュレー,東証２部
5380,新東,ＪＡＱ
5381,Ｍｉｐｏｘ,ＪＡＱ
5384,フジミイン,東証１部
5386,鶴弥,東証２部
5387,チヨダウーテ,ＪＡＱ
5388,クニミネ,東証１部
5389,日レヂボン,東証２部
5391,Ａ＆ＡＭ,東証１部
5393,ニチアス,東証１部
5395,コランダム,東証２部
5398,日研紙,東証２部
5401,新日鉄,東証１部
5406,神戸鋼,東証１部
5408,中山鋼,東証１部
5410,合同鉄,東証１部
5411,ＪＦＥＨＤ,東証１部
5413,日新製鋼,東証１部
5423,東京製鉄,東証１部
5440,共英製鋼,東証１部
5444,大和工,東証１部
5445,東京鉄,東証１部
5446,北越メ,東証２部
5448,東京鋼鉄,ＪＡＱ
5449,大阪製鉄,東証１部
5451,淀川鋼,東証１部
5453,洋鋼鈑,東証１部
5456,朝日工業,ＪＡＱ
5458,高砂鉄,東証２部
5461,中部鋼,名古１部
5463,丸一管,東証１部
5464,モリ工,東証１部
5471,大同特鋼,東証１部
5476,高周波,東証１部
5480,冶金工,東証１部
5481,山陽鋼,東証１部
5482,愛知鋼,東証１部
5484,東北鋼,ＪＡＱ
5486,日立金,東証１部
5491,日金属,東証１部
5541,大平金,東証１部
5542,報国鉄,ＪＡＱ
5563,新日本電工,東証１部
5602,栗本鉄,東証１部
5603,虹技,東証１部
5607,中可鍛,名古２部
5609,日鋳造,東証２部
5610,大和重,東証２部
5612,鋳鉄管,東証１部
5614,川金Ｈ,東証２部
5631,日製鋼,東証１部
5632,菱製鋼,東証１部
5644,メタルアート,東証２部
5657,鈴木金,東証２部
5658,日亜鋼,東証１部
5659,日精線,東証１部
5660,神鋼線,東証２部
5690,リバーＨ,東証２部
5695,パウダテック,ＪＡＱ
5697,サンユウ,東証２部
5698,エンビプロ,東証１部
5699,イボキン,ＪＡＱ
5702,大紀アルミ,東証１部
5703,日本軽金属,東証１部
5704,ＪＭＣ,東証マ
5706,三井金,東証１部
5707,東邦鉛,東証１部
5711,三菱マ,東証１部
5713,住友鉱,東証１部
5714,ＤＯＷＡ,東証１部
5715,古河機金,東証１部
5721,Ｓサイエンス,東証１部
5724,アサカ理研,ＪＡＱ
5726,住友チタ,東証１部
5727,邦チタ,東証１部
5729,日精鉱,東証２部
5741,古河スカイ,東証１部
5742,ＮＣＩオート,ＪＡＱ
5753,日伸銅,東証２部
5757,ＣＫサンエツ,東証１部
5758,ＦＣＭ,ＪＡＱ
5781,東邦金,東証２部
5801,古河電,東証１部
5802,住友電,東証１部
5803,フジクラ,東証１部
5805,昭電線Ｈ,東証１部
5807,東特線,東証１部
5809,タツタ,東証１部
5815,沖電線,東証１部
5816,オーナンバ,東証２部
5817,日電線,東証２部
5819,カナレ電気,東証１部
5820,三ッ星,ＪＡＱ
5821,平河ヒュテク,東証１部
5851,リョービ,東証１部
5852,アーレスティ,東証１部
5856,東理ＨＤ,東証２部
5857,アサヒＨ,東証１部
5900,ダイケン,ＪＡＱ
5901,東洋製罐,東証１部
5902,ホッカンＨ,東証１部
5903,シンポ,ＪＡＱ
5905,日カン,東証２部
5906,エムケー精工,ＪＡＱ
5907,ＪＦＥコンテ,東証２部
5909,コロナ,東証１部
5911,横河ブリッジ,東証１部
5912,日本橋,東証１部
5915,駒井鉄,東証１部
5918,滝上工,東証２部
5921,川岸工,東証２部
5922,那須鉄,東証２部
5923,高田機,東証１部
5928,アルメタクス,東証２部
5929,三和ホール,東証１部
5930,文化シヤタ,東証１部
5932,三協立山,東証１部
5933,アルインコ,東証１部
5935,元旦,ＪＡＱ
5936,洋シヤタ,東証１部
5938,ＬＩＸＩＬ,東証１部
5939,大谷工業,ＪＡＱ
5940,不二サッシ,東証２部
5941,中西製,東証２部
5942,フイルコン,東証１部
5943,ノーリツ,東証１部
5945,天竜製鋸,ＪＡＱ
5946,長府製,東証１部
5947,リンナイ,東証１部
5949,ユニプレス,東証１部
5950,パワーファス,東証２部
5951,ダイニチ工業,東証１部
5952,アマテイ,東証２部
5955,ヤマシナ,東証２部
5956,トーソー,東証２部
5957,日東精,東証１部
5958,三洋工,東証１部
5959,岡部,東証１部
5962,浅香工,東証２部
5964,洋刃物,東証２部
5965,フジマック,東証２部
5966,ＫＴＣ,東証２部
5967,ＴＯＮＥ,東証２部
5969,ロブテックス,東証２部
5970,ジーテクト,東証１部
5971,共和工業,ＪＡＱ
5973,トーアミ,東証２部
5974,中国工業,東証２部
5975,東プレ,東証１部
5976,ネツレン,東証１部
5979,カネソウ,名古２部
5981,東京綱,東証１部
5982,マルゼン,東証２部
5983,イワブチ,ＪＡＱ
5984,兼房,東証２部
5985,サンコール,東証１部
5986,モリテック,東証１部
5987,オーネックス,ＪＡＱ
5988,パイオラクス,東証１部
5989,エイチワン,東証１部
5990,スーパツール,ＪＡＱ
5991,ニッパツ,東証１部
5992,中央発條,東証１部
5993,知多鋼,名古２部
5994,ファインＳ,東証２部
5997,協立エアテク,ＪＡＱ
5998,アドバネクス,東証１部
5999,イハラサイエ,ＪＡＱ
6005,三浦工,東証１部
6013,タクマ,東証１部
6016,神発動,東証２部
6018,阪神燃,東証２部
6022,赤阪鉄,東証２部
6023,ダイハツデ,東証２部
6025,日本ＰＣサービス,名証セ
6026,GMO TECH,東証マ
6027,弁護士ドットコム,東証マ
6028,テクノプロ,東証１部
6029,アトラ,東証１部
6030,アドベンチャー,東証マ
6031,サイジニア,東証マ
6032,インターワークス,東証１部
6033,エクストリーム,東証マ
6034,ＭＲＴ,東証マ
6035,IRジャパン,東証１部
6036,KeePer技研,東証１部
6037,Fロジック,東証１部
6038,イード,東証マ
6039,動物医療センター,東証マ
6040,日本スキー場,東証マ
6042,ニッキ,東証２部
6044,三機サービス,東証１部
6045,レントラックス,東証２部
6046,リンクバル,東証マ
6047,グノシー,東証１部
6048,デザインワン,東証１部
6049,イトクロ,東証マ
6050,イーガーディア,東証１部
6051,ＩＲジャパン,ＪＡＱ
6053,栄光Ｈ,東証１部
6054,リブセンス,東証１部
6055,マテリアル,東証１部
6058,ベクトル,東証１部
6059,ウチヤマＨ,東証１部
6060,こころネット,ＪＡＱ
6061,ユニ園芸社,ＪＡＱ
6062,チャームケア,東証１部
6063,ＥＡＪ,ＪＡＱ
6064,アクトコール,東証マ
6065,ライクネキスト,東証１部
6067,メディアフラ,東証マ
6068,Ｐ＆Ｓ,ＪＡＱ
6069,トレンダーズ,東証マ
6070,キャリアリンク,東証１部
6071,ＩＢＪ,東証１部
6072,地盤ネット,東証マ
6073,アサンテ,東証１部
6074,ジェイエスエス,ＪＡＱ
6075,フォトクリエイト,東証マ
6077,Ｎフィールド,東証１部
6078,バリューＨＲ,東証１部
6079,エナリス,東証マ
6080,Ｍ＆Ａキャピ,東証１部
6081,アライドア,東証マ
6082,ライドオン,東証１部
6083,ＥＲＩ,東証１部
6084,オウチーノ,東証マ
6085,アーキテクツ,東証マ
6086,シンプロメ,東証マ
6087,アビスト,東証１部
6088,シグマクシス,東証１部
6089,ウィルグループ,東証１部
6090,ヒューマンメタ,東証マ
6091,ウエスコＨ,東証２部
6092,エンバイオＨ,東証マ
6093,エクスロー,東証１部
6094,フリークアウト,東証マ
6095,メドビア,東証１部
6096,レアジョブ,東証１部
6097,日ビューホテル,東証１部
6098,リクルートＨ,東証１部
6099,エラン,東証１部
6101,ツガミ,東証１部
6103,オークマ,東証１部
6104,東芝機,東証１部
6111,旭精機,名古２部
6112,小島鉄,名古２部
6113,アマダ,東証１部
6118,アイダ,東証１部
6121,滝澤鉄工,東証１部
6125,岡本工,東証２部
6131,浜井産,東証２部
6134,富士機製,東証１部
6135,牧野フ,東証１部
6136,ＯＳＧ,東証１部
6137,小池工,東証２部
6138,ダイジェト,東証１部
6140,旭ダイヤ,東証１部
6141,森精機,東証１部
6142,富士精,名古２部
6143,ソディック,東証１部
6144,西部電機,東証２部
6145,日特エンジ,ＪＡＱ
6146,ディスコ,東証１部
6147,ヤマザキ,ＪＡＱ
6149,小田原エンジ,ＪＡＱ
6150,タケダ機械,ＪＡＱ
6151,日東工器,東証１部
6155,高松機械,東証２部
6156,エーワン精密,ＪＡＱ
6157,日進工具,東証１部
6158,和井田,ＪＡＱ
6159,ミクロン精密,ＪＡＱ
6161,エスティック,東証２部
6163,Ｈ＆Ｆ,ＪＡＱ
6164,太陽工機,ＪＡＱ
6165,パンチ工業,東証１部
6166,中村超硬,東証マ
6167,冨士ダイス,東証１部
6171,土木管理試験,東証１部
6172,メタップス,東証マ
6173,アクアライン,東証マ
6175,マーケティング,東証１部
6176,ブランジスタ,東証マ
6177,App Bank,東証マ
6178,日本郵政,東証１部
6180,ＧＭＯメディア,東証マ
6181,Ｐエージェント,東証マ
6182,ロゼッタ,東証マ
6183,ベルシステム24,東証１部
6184,鎌倉新書,東証１部
6185,ソネットメディ,東証１部
6186,一蔵,東証１部
6187,リタリコ,東証１部
6188,富士ソフト,東証２部
6189,グローバル,東証１部
6190,フェニックス,東証マ
6191,エアトリ,東証１部
6192,ハイアスカン,東証マ
6193,パーチャレクス,東証マ
6194,アトラエ,東証１部
6195,ホープ,東証マ
6196,ストライク,東証１部
6197,ソラスト,東証１部
6198,キャリア,東証マ
6199,セラク,東証１部
6200,インソース,東証１部
6201,豊田織,東証１部
6203,豊和工,東証１部
6205,ＯＫＫ,東証１部
6208,石川製,東証１部
6210,東洋機械,東証１部
6217,津田駒,東証１部
6218,エンシュウ,東証１部
6222,島精機,東証１部
6229,オーケーエム,東証２部
6230,ＳＡＮＥＩ,東証２部
6231,木村工機,東証２部
6232,自動制御シス,東証マ
6233,極東産機,ＪＡＱ
6235,オプトラン,東証１部
6236,ＮＣホール,東証１部
6237,イワキポンプ,東証１部
6238,フリュー,東証１部
6239,ナガオカ,ＪＡＱ
6240,ヤマシンフ,東証１部
6245,ヒラノテク,東証２部
6246,井上金,東証２部
6247,日阪製,東証１部
6248,横田製作所,ＪＡＱ
6249,ゲームジョイ,ＪＡＱ
6250,やまびこ,東証１部
6254,野村マイクロ,東証２部
6255,エヌビーシ,東証マ
6256,フレアテクノ,ＪＡＱ
6257,藤商事,ＪＡＱ
6258,平田機工,東証１部
6259,大崎エンジ,ＪＡＱ
6262,ペガサス,東証１部
6264,マルマエ,東証１部
6265,妙徳,ＪＡＱ
6266,タツモ,東証１部
6267,シリウスビジョン,ＪＡＱ
6268,ナブテスコ,東証１部
6269,三井海洋開発,東証１部
6271,ニッセイ,東証２部
6272,レオン,東証１部
6273,ＳＭＣ,東証１部
6274,ヤマハロボティクス,東証１部
6276,ナビタス,ＪＡＱ
6277,ホソミクロン,東証１部
6278,ユニオンツル,東証１部
6279,瑞光,東証２部
6280,名機製,名古２部
6281,前田製作,ＪＡＱ
6282,オイレス,東証１部
6284,ＡＳＢ機械,東証１部
6286,静甲,ＪＡＱ
6287,サトー,東証１部
6289,技研製,東証１部
6291,エアーテック,東証１部
6292,カワタ,東証１部
6293,日精樹脂,東証１部
6294,オカアイヨン,東証１部
6295,富士変速,名古２部
6297,鉱研工業,ＪＡＱ
6298,ワイエイシイ,東証１部
6299,神鋼環境Ｓ,東証２部
6300,アピクヤマダ,東証２部
6301,コマツ,東証１部
6302,住友機,東証１部
6303,ササクラ,東証２部
6305,日立建機,東証１部
6306,日工,東証１部
6307,サンセイ,東証２部
6309,巴工業,東証１部
6310,井関農,東証１部
6312,フロイント,ＪＡＱ
6314,石井工研,ＪＡＱ
6315,ＴＯＷＡ,東証１部
6316,丸山製,東証１部
6317,北川鉄,東証１部
6319,シンニッタン,東証１部
6322,タクミナ,東証２部
6323,ローツェ,東証１部
6324,ハーモニック,ＪＡＱ
6325,タカキタ,東証１部
6326,クボタ,東証１部
6327,北川精機,ＪＡＱ
6328,荏原実業,東証１部
6330,東洋エンジ,東証１部
6331,化工機,東証１部
6332,月島機,東証１部
6333,帝国電,東証１部
6334,明治機,東証２部
6335,東京機,東証１部
6336,石井表記,東証２部
6337,テセック,ＪＡＱ
6338,タカトリ,東証２部
6339,新東工,東証１部
6340,渋谷工,東証１部
6342,太平製,東証２部
6343,フリージア,東証２部
6345,アイチコーポ,東証１部
6346,菊川鉄,東証２部
6347,プラコー,ＪＡＱ
6349,小森,東証１部
6351,鶴見製,東証１部
6355,住友精,東証１部
6356,日ギア,東証１部
6357,三精テクノロ,東証２部
6358,酒井重,東証１部
6360,東自機,東証２部
6361,荏原,東証１部
6362,石井鉄,東証１部
6363,酉島,東証１部
6364,北越工,東証１部
6365,電業社,東証２部
6366,千代建,東証２部
6367,ダイキン,東証１部
6368,オルガノ,東証１部
6369,トヨカネツ,東証１部
6370,栗田工,東証１部
6371,椿本チ,東証１部
6373,大同工,東証１部
6375,コンベヤ,東証１部
6376,日機装,東証１部
6378,木村化,東証１部
6379,レイズネクスト,東証１部
6380,オリチェン,東証２部
6381,アネスト岩田,東証１部
6382,トリニ工,東証２部
6383,ダイフク,東証１部
6384,昭和真空,ＪＡＱ
6387,サムコ,東証１部
6390,加藤製,東証１部
6391,加地テック,東証２部
6392,ヤマダコーポ,東証２部
6393,油研工,東証１部
6395,タダノ,東証１部
6396,宇野鉄,東証２部
6397,郷鉄工,東証２部
6400,不二精機,ＪＡＱ
6402,兼松エンジ,東証２部
6403,水道機,ＪＡＱ
6405,鈴茂器工,ＪＡＱ
6406,フジテック,東証１部
6407,ＣＫＤ,東証１部
6408,クラッチ,ＪＡＱ
6409,キトー,東証１部
6411,中野冷,ＪＡＱ
6412,平和,東証１部
6413,理想科学,東証１部
6414,川重冷熱,ＪＡＱ
6416,桂川電機,ＪＡＱ
6417,ＳＡＮＫＹＯ,東証１部
6418,日金銭,東証１部
6419,マースグループ,東証１部
6420,福島工業,東証１部
6424,高見サイ,ＪＡＱ
6425,ユニエンタ,ＪＡＱ
6428,オーイズミ,東証１部
6430,ダイコク電,東証１部
6432,竹内製作所,東証１部
6433,ヒーハイスト,ＪＡＱ
6436,アマノ,東証１部
6439,中日鋳,名古２部
6440,ＪＵＫＩ,東証１部
6444,サンデン,東証１部
6445,蛇の目,東証１部
6448,ブラザー,東証１部
6454,マックス,東証１部
6455,モリタＨ,東証１部
6457,グローリー,東証１部
6458,新晃工,東証１部
6459,大和冷,東証１部
6460,セガサミーＨＤ,東証１部
6461,日ピス,東証１部
6462,リケン,東証１部
6463,ＴＰＲ,東証１部
6464,ツバキナカ,東証１部
6465,ホシザキ電,東証１部
6466,東亜バルブ,東証２部
6467,ニチダイ,ＪＡＱ
6469,放電精密,ＪＡＱ
6470,大豊工業,東証１部
6471,日精工,東証１部
6472,ＮＴＮ,東証１部
6473,光洋精,東証１部
6474,不二越,東証１部
6476,富士テク宮津,ＪＡＱ
6478,ダイベア,東証２部
6479,ミネベア,東証１部
6480,トムソン,東証１部
6481,ＴＨＫ,東証１部
6482,ユーシン精機,東証１部
6484,ＫＶＫ,ＪＡＱ
6485,前沢給装,東証１部
6486,イーグル工,東証１部
6487,積水工機,東証２部
6488,ヨシタケ,ＪＡＱ
6489,前沢工業,東証１部
6490,ピラー,東証１部
6492,岡野バ,東証２部
6493,日鍛バ,東証２部
6494,ＮＦＫ,ＪＡＱ
6495,宮入バ,東証２部
6496,中北製,東証２部
6497,ハマイ,ＪＡＱ
6498,キッツ,東証１部
6501,日立,東証１部
6502,東芝,東証１部
6503,三菱電,東証１部
6504,富士電機ＨＤ,東証１部
6505,東洋電,東証１部
6506,安川電,東証１部
6507,神鋼電,東証１部
6508,明電舎,東証１部
6513,オリジン,東証１部
6516,山洋電,東証１部
6517,デンヨー,東証１部
6518,三相電機,ＪＡＱ
6531,リファインバース,東証マ
6532,ベイカレント,東証１部
6533,Orchestra Holdings,東証１部
6534,ＤＡＣＨＤ,東証２部
6535,アイモバイル,東証１部
6537,WASHハウス,東証マ
6538,キャリアイン,東証１部
6539,MS Japan,東証１部
6540,船場,東証１部
6541,グレイステク,東証１部
6542,ＦＣホール,ＪＡＱ
6543,日宣,ＪＡＱ
6544,Ｊエレベータ,東証１部
6545,インフィニティ,東証マ
6546,フルテック,東証１部
6547,グリーンズ,東証１部
6548,旅工房,東証マ
6549,ディーエムソリューション,ＪＡＱ
6550,Fringe 81,東証マ
6551,ツナグソリュー,東証１部
6552,Game With,東証１部
6553,ソウルドアウト,東証１部
6554,エスユーエス,東証マ
6555,MS&Consulting,東証１部
6556,ウェルビー,東証１部
6557,global bridge,東証マ
6558,クックビズ,東証マ
6560,エルティーエス,東証１部
6561,HANATOUR,東証マ
6562,ジーニー,東証マ
6563,みらいワークス,東証マ
6564,ミダック,東証１部
6565,ＡＢホテル,ＪＡＱ
6566,要興業,東証２部
6567,ＳＥＲＩＯ,東証マ
6568,神戸天然化学,東証マ
6569,日総工産,東証１部
6570,共和コーポ,東証２部
6571,キュービネット,東証１部
6572,RPAホール,東証１部
6573,アジャイルメディア,東証１部
6574,コンヴァノ,東証マ
6575,ヒューマンアソ,東証マ
6577,ベストワン,東証マ
6578,エヌリンクス,東証２部
6579,ログリー,東証マ
6580,ライトアップ,東証マ
6581,日立工,東証１部
6584,三桜工,東証１部
6586,マキタ,東証１部
6588,東芝テック,東証１部
6590,芝浦,東証１部
6591,西芝電,東証２部
6592,マブチ,東証１部
6593,ローヤル電,ＪＡＱ
6594,日電産,東証１部
6597,HPCシス,東証マ
6599,エブロン,ＪＡＱ
6612,バルミューダ,東証マ
6613,ＱＤレーザ,東証マ
6615,ユーエムシ,東証１部
6616,トレックス,東証１部
6617,東光高岳,東証１部
6618,大泉製作所,東証１部
6619,ダブルスコ,東証１部
6620,宮越Ｈ,東証１部
6622,ダイヘン,東証１部
6623,愛電機,名古１部
6624,田淵電,東証１部
6625,JALCO,ＪＡＱ
6626,SEMITEC,ＪＡＱ
6627,テラブローブ,東証マ
6628,オンキョー,ＪＡＱ
6629,テクノホライ,ＪＡＱ
6630,ヤーマン,東証１部
6632,ＪＶＣケンウッド,東証１部
6633,Ｃ＆Ｇシス,東証２部
6634,ネクス,ＪＡＱ
6635,大日光エン,ＪＡＱ
6636,シスウーブ,ＪＡＱ
6637,寺崎電気,ＪＡＱ
6638,ミマキエン,東証１部
6639,コンテック,東証２部
6640,第一精工,東証１部
6641,日新電,東証１部
6643,戸上電,東証２部
6644,大崎電,東証１部
6645,オムロン,東証１部
6647,森尾電,東証２部
6648,かわでん,ＪＡＱ
6651,日東工,東証１部
6652,ＩＤＥＣ,東証１部
6653,生興電機,東証１部
6654,不二電機,東証１部
6655,東洋電機,名古２部
6656,インスペック,東証２部
6658,シライ電子,ＪＡＱ
6659,メディアリン,ＪＡＱ
6661,オプテックス,ＪＡＱ
6662,ユビテック,ＪＡＱ
6663,太洋工業,ＪＡＱ
6664,オプトエレク,ＪＡＱ
6666,リバーエレテク,ＪＡＱ
6668,アドプラズマ,東証２部
6669,シーシーエス,ＪＡＱ
6670,ＭＣＪ,東証２部
6674,ＧＳユアサ,東証１部
6675,田村大興,東証１部
6676,メルコＨＤ,東証１部
6677,エスケーエレ,ＪＡＱ
6678,テクノメディ,東証１部
6694,ズーム,ＪＡＱ
6696,トランザス,東証マ
6698,ヴィスコテク,東証２部
6699,ダイヤモンドエレ,東証２部
6701,ＮＥＣ,東証１部
6702,富士通,東証１部
6703,沖電気,東証１部
6704,岩崎通,東証１部
6706,電気興,東証１部
6707,サンケン,東証１部
6709,明星電,東証２部
6715,ナカヨ,東証１部
6716,テクニカル電子,ＪＡＱ
6718,アイホン,東証１部
6719,富士通コンポ,東証２部
6721,ウインテスト,東証２部
6722,Ａ＆Ｔ,ＪＡＱ
6723,ルネサスエレ,東証１部
6724,エプソン,東証１部
6727,ワコム,東証１部
6728,アルバック,東証１部
6730,アクセル,東証１部
6731,ピクセラ,東証２部
6734,ニューテック,ＪＡＱ
6736,サン電子,ＪＡＱ
6737,ＥＩＺＯ,東証１部
6740,日デイスプレイ,東証１部
6741,信号,東証１部
6742,京三,東証１部
6743,大同信,東証２部
6744,能美防災,東証１部
6745,ホーチキ,東証１部
6747,ＫＩホールディ,東証２部
6748,星和電,東証１部
6750,エレコム,東証１部
6751,日無線,東証１部
6752,パナソニック,東証１部
6753,シャープ,東証１部
6754,アンリツ,東証１部
6755,富士通ゼ,東証１部
6756,日立国際,東証１部
6757,ＯＳＧコーポ,ＪＡＱ
6758,ソニー,東証１部
6762,ＴＤＫ,東証１部
6763,帝通工,東証１部
6767,ミツミ,東証１部
6768,タムラ,東証１部
6769,ザインエレク,ＪＡＱ
6770,アルプス,東証１部
6771,池上通,東証１部
6772,コスモス,東証２部
6773,パイオニア,東証１部
6775,東和メクス,東証２部
6776,天昇電,東証２部
6777,ｓａｎｔｅｃ,ＪＡＱ
6778,アルチネット,東証２部
6779,日電波,東証１部
6785,鈴木,東証１部
6786,リアルＶ,東証２部
6787,メイコー,ＪＡＱ
6788,日本トリム,東証１部
6789,ローランドDG,東証１部
6791,コロムビア,東証１部
6794,フォスター,東証１部
6796,クラリオン,東証１部
6797,名古屋電機,名古２部
6798,ＳＭＫ,東証１部
6800,ヨコオ,東証１部
6801,東光,東証１部
6803,ティアック,東証１部
6804,ホシデン,東証１部
6806,ヒロセ電,東証１部
6807,航空電子,東証１部
6809,ＴＯＡ,東証１部
6810,マクセル,東証１部
6814,古野電,東証１部
6815,ユニデン,東証１部
6816,アルパイン,東証１部
6817,スミダコーポ,東証１部
6819,オメガＨＤ,ＪＡＱ
6820,アイコム,東証１部
6822,大井電気,ＪＡＱ
6823,リオン,東証１部
6824,新コスモス,ＪＡＱ
6826,本多通信,東証１部
6832,アオイ電子,東証２部
6834,精工技研,ＪＡＱ
6835,アライドＨＤ,東証２部
6836,ぷらっと,東証２部
6837,京写,ＪＡＱ
6838,多摩川電,ＪＡＱ
6839,船井電,東証１部
6840,アドテック,ＪＡＱ
6841,横河電,東証１部
6844,新電元,東証１部
6845,山武,東証１部
6846,中央製,名古２部
6848,東亜ＤＫＫ,東証１部
6849,日本光電,東証１部
6850,チノー,東証１部
6852,テクノセブン,ＪＡＱ
6853,共和電,東証１部
6855,電子材料,東証１部
6856,堀場製,東証１部
6857,アドバンテスト,東証１部
6858,小野測器,東証１部
6859,エスペック,東証１部
6860,パナデバイス,東証１部
6861,キーエンス,東証１部
6862,ミナトエレ,ＪＡＱ
6863,ニレコ,ＪＡＱ
6864,ＮＦ回路,ＪＡＱ
6866,ＨＩＯＫＩ,東証１部
6867,リーダー電子,ＪＡＱ
6869,シスメックス,東証１部
6870,フェンオール,東証２部
6871,日本マイクロ,東証１部
6874,協立電機,ＪＡＱ
6875,メガチップス,東証１部
6877,ＯＢＡＲＡ,東証１部
6878,長野日無,東証２部
6879,イマジカＧ,東証１部
6881,キョウデン,東証２部
6882,三社電機,東証２部
6888,アクモス,ＪＡＱ
6889,オーデリック,ＪＡＱ
6890,フェローテク,ＪＡＱ
6891,イーター電機,ＪＡＱ
6894,パルステック,東証２部
6895,ダイヤ電機,東証２部
6896,北川工業,名古２部
6897,ツインバード,東証２部
6898,トミタ電機,ＪＡＱ
6899,ＡＳＴＩ,東証２部
6901,沢藤電,東証１部
6902,デンソー,東証１部
6904,原田工業,東証１部
6905,コーセル,東証１部
6907,ジオマテック,ＪＡＱ
6908,イリソ電子,東証１部
6911,新日無,東証１部
6912,菊水電子,ＪＡＱ
6914,オプテックス,東証１部
6915,千代田インテ,東証１部
6916,アイオデータ,東証１部
6918,アバール,ＪＡＱ
6919,ケル,ＪＡＱ
6920,レーザーテク,東証１部
6923,スタンレー,東証１部
6924,岩崎電,東証１部
6925,ウシオ電,東証１部
6926,岡谷電産,東証１部
6927,ヘリオステクノ,東証１部
6928,エノモト,東証１部
6929,日セラ,東証１部
6930,日本アンテナ,ＪＡＱ
6932,遠藤照明,東証１部
6935,日デジタル,東証１部
6937,古河池,東証１部
6938,双信電機,東証１部
6941,山一電機,東証１部
6942,ソフィアＨ,ＪＡＱ
6943,開閉器,ＪＡＱ
6944,アイレックス,ＪＡＱ
6945,ＦＴＥＣ,東証２部
6946,日本アビオ,東証２部
6947,図研,東証１部
6950,ＹＥデータ,東証２部
6951,日電子,東証１部
6952,カシオ,東証１部
6954,ファナック,東証１部
6955,ＦＤＫ,東証２部
6957,芝浦電子,ＪＡＱ
6958,日本ＣＭＫ,東証１部
6960,フクダ電,ＪＡＱ
6961,エンプラス,東証１部
6962,大真空,東証１部
6963,ローム,東証１部
6964,サンコー,東証２部
6965,ホトニクス,東証１部
6966,三井ハイテク,東証１部
6967,新光電工,東証１部
6969,松尾電,東証２部
6971,京セラ,東証１部
6972,エルナー,東証２部
6973,協栄産,東証１部
6974,日本インター,東証２部
6976,太陽電,東証１部
6977,抵抗器,東証２部
6981,村田製,東証１部
6982,リード,東証２部
6985,ユーシン,東証１部
6986,双葉電,東証１部
6988,日東電,東証１部
6989,北電工,東証１部
6992,国産電,東証２部
6993,大黒屋Ｈ,東証２部
6994,指月電,東証２部
6995,東海理,東証１部
6996,ニチコン,東証１部
6997,日ケミコン,東証１部
6998,タングス,東証２部
6999,ＫＯＡ,東証１部
7003,三井造,東証１部
7004,日立造,東証１部
7011,三菱重,東証１部
7012,川重,東証１部
7013,ＩＨＩ,東証１部
7014,名村造,東証１部
7018,内海造,東証２部
7021,ニッチツ,東証２部
7022,サノヤスＨ,東証１部
7030,スプリックス,東証１部
7031,インバウンドテック,東証マ
7033,マネジメント,東証１部
7034,プロレドパート,東証１部
7035,And Tactory,東証１部
7036,イーエムネット,東証マ
7037,テノＨ,東証１部
7038,フロンティア,東証１部
7039,ブリッジイン,東証マ
7040,サンライフ,ＪＡＱ
7041,ＣＲＧホール,東証マ
7042,アクセスグループ,ＪＡＱ
7043,アルー,東証マ
7044,ピアラ,東証１部
7045,ツクイスタッフ,ＪＡＱ
7046,テクノスデータ,東証マ
7047,ポート,東証マ
7048,ベルトラ,東証マ
7049,識　学,東証マ
7050,フロンティアイン,東証マ
7057,エヌ シー エヌ,ＪＡＱ
7058,共栄セキュリ,ＪＡＱ
7059,コプロ Ｈ,東証１部
7060,ギークス,東証１部
7061,日本ホスピス,東証マ
7062,フレアス,東証マ
7063,エードット,東証マ
7064,ハウテレビジョン,東証マ
7065,ユーピーアール,東証２部
7066,ピアズ,東証マ
7067,ブランディング,東証マ
7068,フィードフォース,東証マ
7069,イバー・バズ,東証マ
7070,ＳＩホール,ＪＡＱ
7071,アンビスＨ,ＪＡＱ
7072,インティメート,東証マ
7073,ジェイック,東証マ
7074,トゥエンティー,東証マ
7076,名南M&A,名古２部
7077,ALiNKインター,東証マ
7078,インクルーシブ,東証マ
7079,WDBココ,東証マ
7080,スポーツフィールド,東証マ
7081,コーユーレンティア,ＪＡＱ
7082,ジモティー,東証マ
7083,AHCグループ,東証マ
7084,Kids Smile ,東証マ
7085,カーブスH,東証１部
7086,きずなＨ,東証マ
7087,ウイルテック,東証２部
7088,フォーラムE,東証１部
7089,フォースター,東証マ
7090,リグア,東証マ
7091,リビングプラット,東証マ
7092,ファーストフィットネス,東証マ
7093,アディッシュ,東証マ
7094,NexTone,東証マ
7095,マクビープラネット,東証マ
7097,さくらさくプラス,東証マ
7102,日車両,東証１部
7105,ニチユ三菱,東証１部
7122,近畿車,東証１部
7148,ＦＰＧ,東証１部
7150,島根銀行,東証１部
7157,ライフネット,東証マ
7161,じもとホ,東証１部
7162,アストマック,ＪＡＱ
7164,全国保証,東証１部
7167,足利Ｈ,東証１部
7169,ニュートンＦＣ,ＪＡＱ
7172,Ｊインベスト,東証１部
7173,東京TYＦＧ,東証１部
7175,今村証券,ＪＡＱ
7177,ＧＭＯクリック,ＪＡＱ
7180,九州ファイナ,東証１部
7181,かんぽ生命,東証１部
7182,ゆうちょ銀行,東証１部
7183,あんしん保証,東証マ
7184,富山第一銀,東証１部
7185,ヒロセ通商,ＪＡＱ
7186,コンコルディア,東証１部
7187,ジェイリース,東証１部
7189,西日本ＦＨ,東証１部
7190,マーキュリ,東証１部
7191,イントラスト,東証１部
7192,日本モーゲ,東証１部
7196,Casa カーサ,東証１部
7198,アルヒ,東証１部
7199,プレミヤＧ,東証１部
7201,日産自,東証１部
7202,いすゞ,東証１部
7203,トヨタ,東証１部
7205,日野自,東証１部
7208,カネミツ,東証２部
7211,三菱自,東証１部
7212,エフテック,東証１部
7213,レシップ,東証１部
7214,ＧＭＢ,東証１部
7215,ファルテック,東証１部
7217,テイン,ＪＡＱ
7218,田中精密,ＪＡＱ
7219,ＨＫＳ,ＪＡＱ
7220,武蔵精密,東証１部
7222,産車体,東証１部
7224,新明和,東証１部
7226,極東開発,東証１部
7227,アスカ,名古２部
7228,デイトナ,ＪＡＱ
7229,ユタカ技研,ＪＡＱ
7230,日信工業,東証１部
7231,トピー,東証１部
7235,東ラヂ,東証２部
7236,ティラド,東証１部
7238,ブレーキ,東証１部
7239,タチエス,東証１部
7240,ＮＯＫ,東証１部
7241,フタバ,東証１部
7242,カヤバ,東証１部
7243,シロキ,東証１部
7244,市光工,東証１部
7245,大同メ,東証１部
7246,プレス工,東証１部
7247,ミクニ,東証１部
7248,カルソニック,東証１部
7249,尾張精,名古２部
7250,太平洋工,東証１部
7251,ケーヒン,東証１部
7254,フジユニ,東証２部
7255,桜井製,ＪＡＱ
7256,河西工,東証１部
7259,アイシン,東証１部
7260,富士機工,東証１部
7261,マツダ,東証１部
7262,ダイハツ,東証１部
7264,ＭＵＲＯ,ＪＡＱ
7265,エイケン工業,ＪＡＱ
7266,今仙電機,東証１部
7267,ホンダ,東証１部
7268,タツミ,ＪＡＱ
7269,スズキ,東証１部
7270,富士重,東証１部
7271,安永,東証１部
7272,ヤマハ発,東証１部
7273,イクヨ,東証２部
7274,ショーワ,東証１部
7276,小糸製,東証１部
7277,ＴＢＫ,東証１部
7278,エクセディ,東証１部
7279,ハイレックス,東証２部
7280,ミツバ,東証１部
7282,豊田合,東証１部
7283,愛三工,東証１部
7284,盟和産,東証１部
7287,日精機,東証２部
7291,日本プラスト,東証１部
7292,村上開明,東証２部
7294,ヨロズ,東証１部
7296,ＦＣＣ,東証１部
7297,カーメイト,ＪＡＱ
7298,八千代工,ＪＡＱ
7299,フジオーゼ,東証２部
7305,新家工,東証１部
7308,ツノダ,名古２部
7309,シマノ,東証１部
7312,タカタ,東証１部
7313,ティエステク,東証１部
7314,小田原機器,ＪＡＱ
7315,ＩＪＴテクノロ,東証２部
7317,松屋アールアンドディ,東証マ
7320,日本リビング,東証マ
7321,関西ミライ,東証１部
7322,三十三Ｆ,東証１部
7323,アイペット損保,東証マ
7325,アイリック,東証マ
7326,ＳＢＩインシュア,東証マ
7327,第四北越,東証１部
7337,ひろぎんＨ,東証１部
7338,インヴァスト,ＪＡＱ
7339,アイペットＨ,東証マ
7342,ウェルスナビ,東証マ
7351,グッドパッチ,東証マ
7352,ブランディング,東証マ
7353,KIYOラーニング,東証マ
7354,ダイレクトマーケティング,東証１部
7356,Ｒｅｔｔｙ,東証マ
7357,ジオコード,ＪＡＱ
7358,ポピンズH,東証１部
7359,東京通信,東証マ
7360,オンデック,東証マ
7399,ナンシン,ＪＡＱ
7404,昭和飛,東証２部
7408,ジャムコ,東証１部
7412,アトム,東証２部
7413,創健社,ＪＡＱ
7414,小野建,東証１部
7415,新星堂,ＪＡＱ
7416,はるやま,東証１部
7417,南陽,東証１部
7419,ノジマ,東証１部
7420,佐鳥電機,東証１部
7421,カッパクリエ,東証１部
7422,東邦レマック,ＪＡＱ
7425,初穂商事,ＪＡＱ
7426,山大,ＪＡＱ
7427,エコーＴＤ,東証１部
7430,サンワドー,ＪＡＱ
7432,ダルトン,ＪＡＱ
7433,伯東,東証１部
7434,オータケ,ＪＡＱ
7435,ナ・デックス,ＪＡＱ
7438,コンドー,東証１部
7442,中山福,東証１部
7443,横浜魚類,ＪＡＱ
7444,ハリマ共和,東証２部
7445,ライトオン,東証１部
7446,東北化学,ＪＡＱ
7447,ナガイレーベ,東証１部
7448,ジンズメイト,東証１部
7450,サンデー,ＪＡＱ
7451,三菱食品,東証１部
7452,マツヤ,ＪＡＱ
7453,良品計画,東証１部
7455,三城Ｈ,東証１部
7456,松田産業,東証１部
7458,第一興商,東証１部
7459,メディセオＨＤ,東証１部
7460,ヤギ,東証２部
7461,キムラ,ＪＡＱ
7462,ダイヤ通商,ＪＡＱ
7463,アドヴァン,東証１部
7464,セフテック,ＪＡＱ
7465,ＭＶ北海道,ＪＡＱ
7466,ＳＰＫ,東証１部
7467,萩原電気,東証１部
7472,鳥羽洋行,ＪＡＱ
7475,アルビス,東証１部
7476,アズワン,東証１部
7477,ムラキ,ＪＡＱ
7480,スズデン,東証１部
7481,尾家産,東証１部
7482,シモジマ,東証１部
7483,ドウシシャ,東証１部
7485,岡谷鋼機,名古１部
7486,サンリン,ＪＡＱ
7487,小津産業,東証１部
7488,ヤガミ,名古２部
7490,日新商,東証２部
7494,コナカ,東証１部
7500,西川計測,ＪＡＱ
7501,ティムコ,ＪＡＱ
7502,プラザクリエ,ＪＡＱ
7504,高速,東証１部
7505,扶桑電通,東証２部
7506,ハウスローゼ,東証１部
7508,Ｇ７Ｈ,東証１部
7509,アイエーＧ,ＪＡＱ
7510,たけびし,東証１部
7512,イオン北海道,東証１部
7513,コジマ,東証１部
7514,ヒマラヤ,東証１部
7515,マルヨシ,東証２部
7516,コーナン,東証１部
7517,黒田電気,東証１部
7518,ネットワン,東証１部
7519,五洋インテ,ＪＡＱ
7520,エコス,東証１部
7521,ムサシ,ＪＡＱ
7522,ワタミ,東証１部
7523,アールビバン,ＪＡＱ
7524,マルシェ,東証１部
7525,リックス,東証１部
7527,システムソフ,東証１部
7531,清和中央Ｈ,ＪＡＱ
7532,ドンキホーテ,東証１部
7537,丸文,東証１部
7538,大水,東証２部
7539,アベルコ,ＪＡＱ
7544,スリーエフ,東証２部
7545,西松屋チェ,東証１部
7550,ゼンショー,東証１部
7551,ウェッズ,ＪＡＱ
7552,ハピネット,東証１部
7554,幸楽苑,東証１部
7555,大田花き,ＪＡＱ
7559,ジーエフシー,ＪＡＱ
7561,ハークスレイ,東証１部
7562,安楽亭,東証２部
7564,ワークマン,ＪＡＱ
7565,万世電機,東証２部
7567,栄電子,ＪＡＱ
7570,橋本総業,東証１部
7571,ヤマノＨＣ,ＪＡＱ
7575,日本ライフＬ,東証１部
7577,HAPiNS,ＪＡＱ
7578,ニチリョク,ＪＡＱ
7581,サイゼリヤ,東証１部
7585,かんなん,ＪＡＱ
7587,ＰＡＬＴＥＫ,東証２部
7590,タカショー,東証１部
7591,エクセル,東証１部
7593,ＶＴＨＤ,東証１部
7594,マルカキカ,東証１部
7595,アルゴグラフ,東証１部
7596,魚力,東証１部
7597,東京貴宝,ＪＡＱ
7598,ナイスクラ,ＪＡＱ
7599,ＩＤＯＭ,東証１部
7600,日本ＭＤＭ,東証１部
7601,ポプラ,東証１部
7602,カーチスＨ,東証２部
7603,マックハウス,ＪＡＱ
7604,梅の花,東証２部
7605,フジコーポ,東証１部
7606,Ｕアローズ,東証１部
7607,進和,東証１部
7608,ＳＫジャパン,東証１部
7609,ダイトエレク,東証１部
7610,テイツー,ＪＡＱ
7611,ハイデ日高,東証１部
7612,コモンウェル,ＪＡＱ
7613,シークス,東証１部
7614,オーエムツー,ＪＡＱ
7615,京都友禅,東証１部
7616,コロワイド,東証１部
7618,メニコン,東証１部
7619,田中商事,東証１部
7621,うかい,ＪＡＱ
7623,サンオータス,ＪＡＱ
7624,内藤,ＪＡＱ
7625,ダイニング,東証２部
7628,オーハシテク,東証１部
7630,壱番屋,東証１部
7631,マクニカ,東証１部
7634,星医療,ＪＡＱ
7635,杉田エース,ＪＡＱ
7636,ハンズマン,ＪＡＱ
7637,白 銅,東証１部
7638,NEW ART,ＪＡＱ
7640,トップカル,東証１部
7643,ダイイチ,ＪＡＱ
7646,ＰＬＡＮＴ,東証１部
7647,音通,東証２部
7648,トーカン,名古２部
7649,スギＨ,東証１部
7670,オーウェル,東証２部
7671,ＡｍｉｄＡ,東証マ
7673,ダイコー通産,東証１部
7674,NATTY SWANKY,東証マ
7675,セントラルフォレ,名古２部
7676,グッドスピード,東証マ
7677,ヤシマキザイ,東証２部
7678,かさくま,ＪＡＱ
7679,薬王堂ＨＤ,東証１部
7681,レオクラン,東証２部
7682,浜木綿,ＪＡＱ
7683,ダブルエー,東証マ
7685,バイセルテク,東証マ
7686,カクヤス,東証２部
7687,ミクリード,東証マ
7688,ミアヘルサ,ＪＡＱ
7689,コパコーポ,東証マ
7692,アースインフィニティ,ＪＡＱ
7694,いつも,東証マ
7695,交換できるくん,東証マ
7701,島津,東証１部
7702,ＪＭＳ,東証１部
7703,川澄化,東証２部
7705,ジーエル,東証２部
7707,プレシジョン,東証マ
7708,ゲートウェイ,ＪＡＱ
7709,クボテック,東証１部
7711,助川電気,ＪＡＱ
7713,シグマ光機,ＪＡＱ
7714,モリテックス,東証１部
7715,長野計器,東証１部
7716,ナカニシ,ＪＡＱ
7717,ブイテクノ,東証１部
7718,スター精,東証１部
7719,東京衡機,東証２部
7721,東京計器,東証１部
7722,国際計測器,ＪＡＱ
7723,愛時計,東証１部
7725,インタＡＣＴ,東証１部
7726,黒田精,東証２部
7727,オーバル,東証１部
7729,東京精,東証１部
7730,マニー,東証１部
7731,ニコン,東証１部
7732,トプコン,東証１部
7733,オリンパス,東証１部
7734,理計器,東証１部
7735,スクリン,東証１部
7739,キヤノン電,東証１部
7740,タムロン,東証１部
7741,ＨＯＹＡ,東証１部
7743,シード,東証１部
7744,ノーリツ鋼機,東証１部
7745,Ａ＆Ｄ,東証１部
7746,岡本硝子,ＪＡＱ
7747,朝日インテ,東証１部
7748,ホロン,ＪＡＱ
7749,メディキット,ＪＡＱ
7751,キヤノン,東証１部
7752,リコー,東証１部
7758,セコニック,東証２部
7760,ＩＭＶ,ＪＡＱ
7762,シチズンＨ,東証１部
7768,ジェコー,東証２部
7769,リズム,東証１部
7771,日本精密,ＪＡＱ
7774,ＪＴエンジ,ＪＡＱ
7775,大研医器,東証１部
7776,セルシード,ＪＡＱ
7777,スリーディー,ＪＡＱ
7779,ＣＹＢＥＲＤＹＮＥ,東証マ
7780,メニコン,東証１部
7781,平山,ＪＡＱ
7782,シンシア,東証１部
7800,アミファ,ＪＡＱ
7803,ブシロード,東証マ
7804,ビーアンドビー,東証マ
7805,プリントネット,ＪＡＱ
7806,ＭＴＧ,東証マ
7807,幸和製作所,ＪＡＱ
7808,シーエスランバー,ＪＡＱ
7809,壽屋,ＪＡＱ
7810,クロスフォー,ＪＡＱ
7811,中本パックス,東証１部
7812,クレステック,東証２部
7813,プラッツ,東証マ
7814,日本創発Ｇ,ＪＡＱ
7815,東京ボード工,東証２部
7816,スノーピーク,東証１部
7817,パラマウント,東証１部
7818,トランザク,東証１部
7819,粧美堂,東証１部
7820,ニホンフラ,東証１部
7821,前田工繊,東証１部
7822,永大産業,東証１部
7823,アートネイチャー,東証１部
7824,オプトロム,名証セ
7825,ＳＲＩスポーツ,東証１部
7826,フルヤ金属,ＪＡＱ
7827,オービス,ＪＡＱ
7829,サマンサタ,東証マ
7831,ウイルコ,東証２部
7832,バンダイナム,東証１部
7833,アイフィスＪ,東証１部
7834,マジェスティ,ＪＡＱ
7835,ウィズ,ＪＡＱ
7836,アビックス,ＪＡＱ
7837,アールシーコア,ＪＡＱ
7838,共立印刷,東証１部
7839,ＳＨＯＥＩ,東証１部
7840,フラベッドＨＤ,東証１部
7841,遠藤製作所,ＪＡＱ
7844,マーベラス,東証１部
7846,パイロットＣ,東証１部
7847,グラファイト,ＪＡＱ
7849,スターツ出版,ＪＡＱ
7850,総合商研,ＪＡＱ
7851,カワセＣＳ,東証２部
7853,アジェット,東証２部
7855,カーディナル,ＪＡＱ
7856,萩原工業,東証１部
7857,セキ,ＪＡＱ
7858,小野産業,ＪＡＱ
7859,アルメディオ,東証２部
7860,エイベックス,東証１部
7862,トッパンフォ,東証１部
7863,平賀,ＪＡＱ
7864,フジシール,東証１部
7865,ピープル,ＪＡＱ
7867,タカラトミー,東証１部
7868,広済堂,東証１部
7869,日本フォーム,ＪＡＱ
7870,福島印刷,名古２部
7871,フクビ,東証２部
7872,エステール,東証１部
7873,アーク,東証１部
7874,スルガ,東証１部
7875,竹田印刷,東証１部
7877,永大化工,ＪＡＱ
7878,光彩工芸,ＪＡＱ
7879,ノダ,東証２部
7883,サンメッセ,ＪＡＱ
7885,タカノ,東証１部
7886,ヤマト・イン,ＪＡＱ
7887,南プラ,東証２部
7888,三光合成,東証１部
7889,桑山,ＪＡＱ
7891,日本ユピカ,ＪＡＱ
7893,プロネクサス,東証１部
7895,中央化学,ＪＡＱ
7896,セブン工業,東証２部
7897,ホクシン,東証１部
7898,ウッドワン,東証１部
7899,ＭＩＣＳ化学,ＪＡＱ
7901,マツモト,ＪＡＱ
7902,ソノコム,ＪＡＱ
7903,名木材,名古２部
7905,大建工,東証１部
7906,ヨネックス,東証２部
7907,日防腐,名古２部
7908,きもと,東証１部
7911,凸版,東証１部
7912,大日印,東証１部
7913,図書印,東証１部
7914,共同印,東証１部
7915,日写印,東証１部
7916,光村印,東証１部
7917,藤森工業,東証１部
7918,ヴィアＨＤ,東証１部
7919,野崎紙,東証２部
7920,三浦印,東証２部
7921,宝印刷,東証１部
7922,三光産業,ＪＡＱ
7923,トーイン,ＪＡＱ
7925,前沢化成,東証１部
7927,ムトー精工,ＪＡＱ
7928,旭化学,ＪＡＱ
7931,未来工業,東証１部
7932,ニッピ,ＪＡＱ
7936,アシックス,東証１部
7937,ツツミ,東証１部
7938,リーガル,ＪＡＱ
7939,研創,ＪＡＱ
7940,ウェーブロック,東証１部
7942,ＪＳＰ,東証１部
7943,ニチハ,東証１部
7944,ローランド,東証１部
7945,コマニー,東証２部
7946,光陽社,東証２部
7947,エフピコ,東証１部
7949,小松ウオール,東証１部
7950,日デコラ,名古２部
7951,ヤマハ,東証１部
7952,河合楽,東証１部
7953,菊水化,東証２部
7955,クリナップ,東証１部
7956,ピジョン,東証１部
7957,フジコピアン,東証２部
7958,天馬,東証１部
7959,オリバー,東証１部
7961,兼松日産農,東証１部
7962,キングジム,東証１部
7963,興研,ＪＡＱ
7965,象印,東証１部
7966,リンテック,東証１部
7968,田崎真珠,東証１部
7970,信越ポリ,東証１部
7971,東リ,東証１部
7972,イトーキ,東証１部
7974,任天堂,東証１部
7975,リヒトラブ,東証２部
7976,菱鉛筆,東証１部
7979,松風,東証１部
7980,重松製,ＪＡＱ
7981,タカラスタ,東証１部
7983,ミロク,東証２部
7984,コクヨ,東証１部
7985,ネポン,東証２部
7986,日アイエスケイ,ＪＡＱ
7987,ナカバヤシ,東証１部
7988,ニフコ,東証１部
7989,ブラインド,東証１部
7990,ダイワ精,東証１部
7991,マミヤＯＰ,東証２部
7992,セーラー,東証２部
7994,岡村製,東証１部
7995,バルカー,東証１部
7997,くろ工,東証２部
7999,ＭＵＴＯＨホ,東証１部
8001,伊藤忠,東証１部
8002,丸紅,東証１部
8005,ムトウ,東証１部
8006,ユアサフナ,東証２部
8007,高島,東証１部
8008,ヨンドシー,東証１部
8011,三陽商,東証１部
8012,長瀬産,東証１部
8013,ナイガイ,東証１部
8014,蝶理,東証１部
8015,豊田通商,東証１部
8016,オンワード,東証１部
8018,三共興,東証１部
8020,兼松,東証１部
8022,ミズノ,東証１部
8023,大興電子,東証２部
8025,ツカモトＣ,東証１部
8028,ユニーファミリー,東証１部
8029,ルック,東証１部
8030,中央魚,東証２部
8031,三井物,東証１部
8032,紙パ商,東証１部
8035,東エレク,東証１部
8036,日立ハイテク,東証１部
8037,カメイ,東証１部
8038,東都水,東証１部
8039,築地魚,東証２部
8040,東ソワール,東証２部
8041,ＯＵＧ,東証１部
8043,スターゼン,東証１部
8044,大都魚,東証２部
8045,浜丸魚,ＪＡＱ
8046,丸藤パ,東証２部
8050,セイコーＨ,東証１部
8051,山善,東証１部
8052,椿本興,東証１部
8053,住友商,東証１部
8056,ユニシス,東証１部
8057,内田洋,東証１部
8058,三菱商,東証１部
8059,第一実,東証１部
8060,キヤノンＭＪ,東証１部
8061,西華産,東証１部
8065,佐藤商,東証１部
8066,三谷商,東証２部
8068,菱洋エレク,東証１部
8070,東京産,東証１部
8071,東海物産,名古２部
8072,出版貿,ＪＡＱ
8073,ＭＡＧねっと,ＪＡＱ
8074,ユアサ商,東証１部
8075,神鋼商,東証１部
8076,カノークス,名古２部
8077,小林産,東証１部
8078,阪和興,東証１部
8079,正栄食,東証１部
8081,カナデン,東証１部
8084,菱電商,東証１部
8085,ナラサキ産業,東証２部
8086,ニプロ,東証１部
8087,フルサト,東証１部
8088,岩谷産,東証１部
8089,ナイス,東証１部
8090,昭光通商,東証１部
8091,ニチモウ,東証１部
8093,極東貿易,東証１部
8095,イワキ,東証１部
8096,兼松エレク,東証１部
8097,三愛石,東証１部
8098,稲畑産,東証１部
8101,ＧＳＩクレ,東証１部
8103,明和産,東証１部
8104,クワザワ,東証１部
8105,堀田丸正,東証２部
8107,キムラタン,東証１部
8108,ヤマエ久野,東証１部
8111,ゴルドウイン,東証１部
8113,ユニチャーム,東証１部
8114,デサント,東証１部
8115,ムーンバット,東証２部
8117,中央自,東証２部
8118,キング,東証１部
8119,三栄コ,ＪＡＱ
8120,大木,ＪＡＱ
8123,川辺,ＪＡＱ
8125,ワキタ,東証１部
8127,ヤマトインタ,東証１部
8129,東邦Ｈ,東証１部
8130,サンゲツ,東証１部
8131,ミツウロコ,東証１部
8132,シナネン,東証１部
8133,伊藤忠エネ,東証１部
8135,ゼット,東証２部
8136,サンリオ,東証１部
8137,サンワテク,東証１部
8138,三京化,東証２部
8139,ナガホリ,東証２部
8140,リョーサン,東証１部
8141,新光商,東証１部
8142,トーホー,東証１部
8143,ラピーヌ,東証２部
8144,電響社,東証２部
8145,中部水産,名古２部
8147,トミタ,ＪＡＱ
8148,上原成,東証２部
8150,三信電,東証１部
8151,東陽テク,東証１部
8152,ソマール,東証２部
8153,モスフード,東証１部
8154,加賀電子,東証１部
8155,三益半導,東証１部
8157,都築電,東証１部
8158,ソーダニッカ,東証１部
8159,立花エレ,東証１部
8160,木曽路,東証１部
8163,サトＲＳ,東証１部
8165,千趣会,東証１部
8166,タカキュー,東証１部
8167,リテールパ,東証１部
8168,ケーヨー,東証１部
8170,アデランス,東証１部
8171,ＭＶ中部,名古２部
8173,上新電,東証１部
8174,日ガス,東証１部
8175,ベスト電,東証１部
8178,マルエツ,東証１部
8179,ロイヤルＨＤ,東証１部
8181,東天紅,東証１部
8182,いなげや,東証１部
8184,島忠,東証１部
8185,チヨダ,東証１部
8186,大塚家具,ＪＡＱ
8190,ヤマナカ,名古２部
8191,光製作,ＪＡＱ
8194,ライフコーポ,東証１部
8196,カスミ,東証１部
8198,ＭＶ東海,東証２部
8200,リンガハット,東証１部
8201,さが美,東証１部
8202,ラオックス,東証２部
8203,ＭｒＭａｘ,東証１部
8205,シャクリー,ＪＡＱ
8207,テンアライド,東証１部
8208,エンチョー,ＪＡＱ
8209,フレンドリ,東証２部
8214,ＡＯＫＩ,東証１部
8215,銀座山形屋,ＪＡＱ
8217,オークワ,東証１部
8218,コメリ,東証１部
8219,青山商,東証１部
8225,タカチホ,ＪＡＱ
8226,理経,東証２部
8227,しまむら,東証１部
8228,マルイチ,名古２部
8229,ＣＦＳコーポ,東証１部
8230,はせがわ,東証１部
8233,高島屋,東証１部
8237,松屋,東証１部
8242,阪急百,東証１部
8244,近鉄百貨店,東証１部
8245,丸栄,東証１部
8247,大和,東証２部
8248,ニッセン,東証１部
8249,テクノアソ,東証２部
8251,パルコ,東証１部
8252,丸井,東証１部
8253,クレセゾン,東証１部
8254,さいか屋,東証２部
8255,原信ナルス,東証１部
8256,プロルート,ＪＡＱ
8257,山陽百,ＪＡＱ
8260,井筒屋,東証１部
8267,イオン,東証１部
8270,ユニーＧ,東証１部
8273,イズミ,東証１部
8274,東武ストア,東証１部
8275,フォーバル,東証１部
8276,平和堂,東証１部
8278,フジ,東証１部
8279,ヤオコー,東証１部
8281,ゼビオ,東証１部
8282,ギガスケーズ,東証１部
8283,Ｐａｌｔａｃ,東証１部
8285,三谷産業,東証１部
8287,ＭＶ西日本,東証２部
8289,オリンピック,東証１部
8291,日産東京販売,東証１部
8293,ＡＴグループ,名古２部
8298,ファミリー,ＪＡＱ
8301,日銀,ＪＡＱ
8303,新生銀行,東証１部
8304,あおぞら銀,東証１部
8306,三菱ＵＦＪ,東証１部
8308,りそなＨＤ,東証１部
8309,三井住友トラスト,東証１部
8316,三井住友Ｆ,東証１部
8324,第四銀,東証１部
8325,北越銀,東証１部
8327,西日本シティ銀,東証１部
8331,千葉銀,東証１部
8332,横浜銀,東証１部
8333,常陽銀,東証１部
8334,群馬銀,東証１部
8336,武蔵銀,東証１部
8337,千葉興,東証１部
8338,筑波銀行,東証１部
8341,七十七,東証１部
8342,青森銀,東証１部
8343,秋田銀,東証１部
8344,山形銀,東証１部
8345,岩手銀,東証１部
8346,東邦銀,東証１部
8349,東北銀,東証１部
8350,みちのく銀,東証１部
8354,ふくおかＦ,東証１部
8355,静岡銀,東証１部
8356,十六銀,東証１部
8358,スルガ銀,東証１部
8359,八十二,東証１部
8360,山梨銀,東証１部
8361,大垣共立,東証１部
8362,福井銀,東証１部
8363,北国銀,東証１部
8364,清水銀,東証１部
8365,富山銀,東証１部
8366,滋賀銀,東証１部
8367,南都銀,東証１部
8368,百五銀,東証１部
8369,京都銀,東証１部
8370,紀陽銀行,東証１部
8374,三重銀,東証１部
8377,ほくほくＦＧ,東証１部
8379,広島銀,東証１部
8381,山陰合銀,東証１部
8382,中国銀,東証１部
8383,鳥取銀,東証１部
8385,伊予銀,東証１部
8386,百十四,東証１部
8387,四国銀,東証１部
8388,阿波銀,東証１部
8390,鹿児銀,東証１部
8392,大分銀,東証１部
8393,宮崎銀,東証１部
8394,肥後銀,東証１部
8395,佐賀銀,東証１部
8396,十八銀,東証１部
8397,沖縄銀,東証１部
8399,琉球銀,東証１部
8410,セブン銀行,東証１部
8411,みずほＦＧ,東証１部
8416,高知銀行,東証１部
8418,山口フィナン,東証１部
8421,信中金,東証１部
8423,アクリーティブ,東証１部
8424,芙蓉リース,東証１部
8425,興銀リース,東証１部
8439,東センチュリー,東証１部
8462,ＦＶキャピ,ＪＡＱ
8473,ＳＢＩＨＤ,東証１部
8508,Ｊトラスト,東証２部
8511,日証金,東証１部
8513,中証金,名古２部
8515,アイフル,東証１部
8518,アジア投資,東証１部
8519,ポケットＣ,東証１部
8521,長野銀,東証１部
8522,名古屋銀,東証１部
8524,北洋銀行,東証１部
8527,愛知銀,東証１部
8529,第三銀,東証１部
8530,中京銀,東証１部
8536,東日銀,東証１部
8537,大光銀,東証１部
8541,愛媛銀,東証１部
8542,トマト銀,東証１部
8543,みなと銀,東証１部
8544,京葉銀,東証１部
8545,関西アーバン,東証１部
8550,栃木銀,東証１部
8551,北日銀,東証１部
8558,東和銀,東証１部
8562,福島銀,東証１部
8563,大東銀,東証１部
8566,リコーリース,東証１部
8570,イオンファイ,東証１部
8572,アコム,東証１部
8584,ジャックス,東証１部
8585,オリコ,東証１部
8586,日立キャピ,東証１部
8589,アプラス,東証１部
8591,オリックス,東証１部
8593,三菱ＵＦＪリース,東証１部
8595,ジャフコ,東証１部
8596,九州リース,東証１部
8600,トモニＨ,東証１部
8601,大和証Ｇ,東証１部
8604,野村ＨＤ,東証１部
8609,岡三証券Ｇ,東証１部
8613,丸三証券,東証１部
8614,東洋証券,東証１部
8616,東海東京Ｆ,東証１部
8617,光世証券,東証１部
8622,水戸証券,東証１部
8624,いちよし証,東証１部
8625,高木,東証２部
8628,松井証券,東証１部
8630,ＮＫＳホール,東証１部
8692,だいこう,東証１部
8697,日本取引所,東証１部
8698,ＭＢＨ,東証１部
8699,澤田ホール,ＪＡＱ
8700,丸八証券,ＪＡＱ
8702,スターＨＤ,ＪＡＱ
8703,カブドットコム,東証１部
8704,トレイダーズ,ＪＡＱ
8705,岡藤ＨＤ,ＪＡＱ
8706,極東証券,東証１部
8707,岩井証券,東証１部
8708,藍澤證券,東証１部
8709,インヴァスト証券,ＪＡＱ
8711,ＦＸプライム,ＪＡＱ
8713,フィデアＨＤ,東証１部
8714,池田泉州ＨＤ,東証１部
8715,アニコムＨ,東証１部
8718,ＪＰＮホール,ＪＡＱ
8720,ベンチャ投資,東証１部
8721,ＶＲ証券投資,東証１部
8725,ＭＳ＆ＥＤ,東証１部
8728,マネースクＪ,東証１部
8729,ソニーファイ,東証１部
8732,マネーパートナ,東証１部
8737,あかつきＦ,東証２部
8739,スパークスＧ,東証１部
8740,フジトミ,ＪＡＱ
8742,小林洋行,東証１部
8746,第一商品,ＪＡＱ
8747,豊商事,ＪＡＱ
8750,第一生命,東証１部
8766,東京海上Ｈ,東証１部
8767,ウェブクルー,東証マ
8769,アドバンマネ,東証１部
8771,イーギャラン,東証１部
8772,アサックス,東証１部
8783,ＧＦＡ,ＪＡＱ
8787,ＵＣＳ,ＪＡＱ
8789,フィンテック,東証２部
8793,ＮＥＣキャピ,東証１部
8795,Ｔ＆ＤＨＤ,東証１部
8798,アドバンスＣ,東証１部
8801,三井不,東証１部
8802,菱地所,東証１部
8803,平和不,東証１部
8804,東建物,東証１部
8806,ダイビル,東証１部
8818,京阪神不,東証１部
8830,住友不,東証１部
8835,太平発,東証１部
8836,ＲＩＳＥ,ＪＡＱ
8840,大京,東証１部
8841,テーオーシー,東証１部
8842,楽天地,東証１部
8844,コスモスイ,ＪＡＱ
8848,レオパレス,東証１部
8850,スターツコーポ,東証１部
8851,アバンライフ,東証２部
8854,日住,東証２部
8860,フジ住,東証１部
8864,空港施設,東証１部
8869,明和地所,東証１部
8870,住不販売,東証１部
8871,ゴールドクレ,東証１部
8876,リロＨＤ,東証１部
8877,エスリード,東証１部
8881,日神グループ,東証１部
8885,ラ・アトレ,ＪＡＱ
8886,ウッドフレン,ＪＡＱ
8887,リベレステ,ＪＡＱ
8889,アパマン,ＪＡＱ
8890,レーサム,ＪＡＱ
8891,エムジホーム,東証２部
8892,日本エスコン,東証１部
8893,新日本建物,ＪＡＱ
8894,原弘産,東証２部
8897,タカラレーベ,東証１部
8898,センチュ２１,ＪＡＱ
8903,サンウッド,ＪＡＱ
8904,AVANTIA,東証１部
8905,イオンモール,東証１部
8908,毎日コム,東証１部
8909,シノケン,ＪＡＱ
8912,エリアクエ,東証２部
8914,エリアリンク,東証２部
8917,ファースト住,東証１部
8918,ランド,東証１部
8919,カチタス,東証１部
8920,東祥,東証１部
8922,アセットマ,東証マ
8923,トーセイ,東証１部
8925,アルデプロ,東証２部
8927,明豊エンター,ＪＡＱ
8928,穴吹興産,東証１部
8929,青山財産ネット,東証２部
8931,和田興産,東証２部
8933,ＮＴＴ都市,東証１部
8934,サンフロンテ,東証１部
8935,ＦＪネクスト,東証１部
8938,ロジコム,ＪＡＱ
8940,インテリクス,東証１部
8944,ランドビジネス,東証１部
8945,サンネクスタ,東証１部
8946,陽光都市開,ＪＡＱ
8951,日ビルＦ投資,東証１部
8952,Ｊリアル投資,東証１部
8953,日本都市投資,東証１部
8954,オリックス投,東証１部
8955,日本ＰＲ投資,東証１部
8956,プレミア投資,東証１部
8957,東急リアル投,東証１部
8958,グローバル投,東証１部
8959,野村ＯＦ投資,東証１部
8960,Ｕアーバン,東証１部
8961,森トラスト,東証１部
8963,インヴェンシブル,東証１部
8964,フロンティア,東証１部
8966,クレシェンド,東証１部
8967,日本ロジスＦ,東証１部
8968,福岡リート,東証１部
8972,ケネディクス,東証１部
8973,積水ＳＩ投資,東証１部
8975,いちご投資,東証１部
8976,ＤＡオフイス,東証１部
8977,阪急リート,東証１部
8979,スターツプロ,東証１部
8982,トップリート,東証１部
8984,ビライフ投資,東証１部
8985,日ホテルＦ,東証１部
8986,賃貸住投資,東証１部
8987,Ｊエクセ,東証１部
8995,誠建設工業,東証２部
8998,リビングＣ,東証マ
8999,グランディハ,東証１部
9001,東武,東証１部
9003,相鉄,東証１部
9005,東急,東証１部
9006,京急,東証１部
9007,小田急,東証１部
9008,京王,東証１部
9009,京成,東証１部
9010,富士急,東証１部
9012,秩父鉄,ＪＡＱ
9014,新京成,東証１部
9017,新潟交,東証２部
9020,ＪＲ東日本,東証１部
9021,ＪＲ西日本,東証１部
9022,ＪＲ東海,東証１部
9024,西部Ｈ,東証１部
9025,鴻池運輸,東証１部
9028,ゼロ,東証２部
9029,ヒガシ２１,東証２部
9031,西鉄,東証１部
9033,広電鉄,東証２部
9034,南総通運,ＪＡＱ
9036,東部ネット,ＪＡＱ
9037,ハマキョウ,東証１部
9039,サカイ引越,東証１部
9040,大宝運輸,名古２部
9041,近鉄,東証１部
9042,阪急阪神,東証１部
9044,南海電,東証１部
9045,京阪電,東証１部
9046,神電鉄,東証１部
9047,名糖運輸,東証１部
9048,名鉄,東証１部
9049,京福電,東証２部
9051,センコン物流,ＪＡＱ
9052,山陽電,東証１部
9055,アルプス物流,東証１部
9056,ヒューテック,東証２部
9057,遠州トラック,ＪＡＱ
9058,トランコム,東証１部
9059,カンダ,東証２部
9060,日ロジテム,ＪＡＱ
9062,日通,東証１部
9063,岡県運送,東証２部
9064,ヤマトホール,東証１部
9065,山九,東証１部
9066,日新,東証１部
9067,丸運,東証１部
9068,丸全運,東証１部
9069,センコー,東証１部
9070,トナミＨ,東証１部
9072,日梱包,東証１部
9073,京極運,ＪＡＱ
9074,日石輸,東証１部
9075,福山運,東証１部
9076,西濃運,東証１部
9077,名鉄運,名古２部
9078,エスライン,東証１部
9081,神奈交,東証１部
9082,大和自,東証２部
9083,神姫バ,東証２部
9086,日立物流,東証１部
9087,タカセ,ＪＡＱ
9090,丸和運輸,東証１部
9099,Ｃ＆Ｆロジ,東証１部
9101,郵船,東証１部
9104,商船三井,東証１部
9107,川崎汽,東証１部
9110,新和海,東証１部
9115,明治海,東証１部
9119,飯野海,東証１部
9127,玉井船,東証２部
9130,共栄タ,東証１部
9132,第一汽,東証１部
9133,東栄リーファ,ＪＡＱ
9142,ＪＲ九州,東証１部
9143,ＳＧホール,東証１部
9145,ビーイング,東証２部
9171,栗林船,東証２部
9173,東海汽,東証２部
9176,佐渡汽,ＪＡＱ
9179,川崎近海,東証２部
9180,新和内航,ＪＡＱ
9193,東京汽,東証２部
9201,日本航空,東証１部
9202,ＡＮＡ,東証１部
9204,スカイマーク,東証１部
9206,スターフライ,東証２部
9232,パスコ,東証１部
9233,アジア航,東証２部
9260,西本Wismettac,東証１部
9262,シルバーライフ,東証１部
9263,ビジョナリーＨ,ＪＡＱ
9264,ポエック,ＪＡＱ
9265,ヤマシタヘルス,東証１部
9266,一家ダイニング,東証１部
9267,Ｇｅｎｋｙ,東証１部
9268,オプティマス,東証２部
9270,ＳＯＵ,東証マ
9271,和心,東証マ
9272,ブティックス,東証マ
9273,コーア商事,東証１部
9274,国際紙パル,東証１部
9275,ナルミヤイン,東証１部
9277,総合メディカル,東証１部
9278,ブックオフ,東証１部
9279,ギフト,東証１部
9281,タカラレーベン投資,東証１部
9282,いちごインフラ投,東証１部
9283,再生可能エネ投,東証１部
9284,カナディアンインフラ,東証１部
9285,東京インフラ,東証１部
9286,ネクスインフラ投信,東証１部
9287,ジャパンインフラ,東証１部
9301,三菱倉,東証１部
9302,三井倉,東証１部
9303,住友倉,東証１部
9304,渋沢倉,東証１部
9305,ヤマタネ,東証１部
9306,東陽倉,東証１部
9307,杉村倉,東証２部
9308,乾汽船,東証１部
9310,トランシティ,東証１部
9311,アサガミ,東証２部
9312,ケイヒン,東証１部
9313,丸八倉,東証２部
9317,オーナミ,東証２部
9318,Ｊブリッジ,東証２部
9319,中央倉,東証１部
9320,三和倉,東証２部
9322,川西倉,東証１部
9324,安田倉,東証１部
9325,ファイズ,東証１部
9326,関通,東証マ
9351,洋埠頭,東証１部
9353,桜島埠,東証２部
9355,リンコー,東証２部
9357,名港海,名古２部
9358,宇徳,東証１部
9359,伊勢湾,名古２部
9360,鈴与シンワ,東証２部
9361,伏木運,東証２部
9362,兵機海,東証２部
9363,大運,東証２部
9364,上組,東証１部
9365,トレーディア,東証２部
9366,サンリツ,東証１部
9367,大東港運,ＪＡＱ
9368,キムラユニテ,東証１部
9369,キユソ流通,東証１部
9370,郵船航空,東証１部
9373,ニッコウトラ,東証２部
9375,近鉄エクス,東証１部
9376,ユーラシア,ＪＡＱ
9377,ＡＧＰ,ＪＡＱ
9380,東海運,東証１部
9381,エーアイティー,東証１部
9384,内外トランス,東証１部
9385,ショーエイコーポ,東証１部
9386,日コンセプト,東証１部
9401,ＴＢＳ,東証１部
9402,ＣＢＣ,名古１部
9404,日テレ,東証１部
9405,朝日放送,東証１部
9408,新潟放,ＪＡＱ
9409,テレビ朝日,東証１部
9412,スカパーＪ,東証１部
9413,テレビ東京,東証１部
9414,日本BS放送,東証１部
9416,ビジョン,東証１部
9417,スマートバリュー,東証１部
9418,U-NEXT,東証１部
9419,ワイヤレスゲ,東証１部
9421,エヌジェイＨ,ＪＡＱ
9422,ＩＴＣネット,東証１部
9423,フォーバルＲ,ＪＡＱ
9424,日本通信,東証１部
9425,日本テレホン,ＪＡＱ
9428,クロップス,東証１部
9432,ＮＴＴ,東証１部
9433,ＫＤＤＩ,東証１部
9434,ソフトパンク,東証１部
9435,光通信,東証１部
9436,沖縄セルラー,ＪＡＱ
9437,ＮＴＴドコモ,東証１部
9438,ＭＴＩ,東証１部
9439,ビーアイジー,ＪＡＱ
9441,ベルパーク,ＪＡＱ
9444,トーシン,ＪＡＱ
9445,フォバルテレ,東証２部
9446,エスケーアイ,ＪＡＱ
9449,ＧＭＯインター,東証１部
9450,ファイバーゲート,東証１部
9466,アイドマＭＣ,東証１部
9467,アルファポリス,東証マ
9468,カドカワ,東証１部
9470,学研,東証１部
9471,文渓堂,名古２部
9474,ゼンリン,東証１部
9475,昭文社,東証１部
9476,中央経済,ＪＡＱ
9478,ＳＥホールデ,ＪＡＱ
9479,インプレスＨＤ,東証１部
9501,東電,東証１部
9502,中部電,東証１部
9503,関西電,東証１部
9504,中国電,東証１部
9505,北陸電,東証１部
9506,東北電,東証１部
9507,四国電,東証１部
9508,九州電,東証１部
9509,北海電,東証１部
9511,沖縄電,東証１部
9513,電源開発,東証１部
9514,Ｆエスコ,東証１部
9517,イーレックス,東証１部
9519,レノバ,東証１部
9531,東ガス,東証１部
9532,大ガス,東証１部
9533,邦ガス,東証１部
9534,北ガス,東証１部
9535,広ガス,東証１部
9536,西部ガス,東証１部
9537,北陸ガ,東証２部
9539,葉ガス,東証２部
9540,中ガス,名古２部
9543,静岡ガス,東証１部
9551,メタウォーター,東証１部
9600,アイネット,東証１部
9601,松竹,東証１部
9602,東宝,東証１部
9603,ＨＩＳ,東証１部
9605,東映,東証１部
9607,ＡＯＩ Ｐｒｏ,東証１部
9608,福山コンサル,ＪＡＱ
9610,ウィルソン,ＪＡＱ
9612,ラックランド,東証１部
9613,ＮＴＴデータ,東証１部
9616,共立メンテ,東証１部
9619,イチネンＨ,東証１部
9621,建設技研,東証１部
9622,スペース,東証１部
9624,長大,東証１部
9625,セレスポ,ＪＡＱ
9627,アインＨ,東証１部
9628,燦ＨＤ,東証１部
9629,ＰＣＡ,東証１部
9631,東急レク,東証２部
9632,スバル,東証１部
9633,テアトル,東証１部
9635,武蔵野,東証２部
9636,きんえい,東証２部
9637,オーエス,東証２部
9638,情報技術,ＪＡＱ
9639,三協フロンテ,ＪＡＱ
9640,セゾン情報,ＪＡＱ
9641,サコス,ＪＡＱ
9643,中日興,名古２部
9644,タナベ経営,東証１部
9647,協和コンサル,ＪＡＱ
9651,日本プロセス,ＪＡＱ
9656,グリンランド,東証２部
9657,コムテック,ＪＡＱ
9658,ビジ太田昭,東証１部
9661,歌舞伎,東証２部
9663,ナガワ,東証１部
9664,御園座,名古２部
9671,よみランド,東証１部
9672,東競馬,東証１部
9674,花月園,東証２部
9675,常磐興,東証１部
9678,カナモト,東証１部
9679,ホウライ,ＪＡＱ
9680,共成レンテム,東証２部
9681,東京ドーム,東証１部
9682,ＤＴＳ,東証１部
9684,スク・エニ,東証１部
9685,ＫＹＣＯＭ,ＪＡＱ
9686,東洋テック,東証２部
9687,ＫＳＫ,ＪＡＱ
9691,両毛システム,ＪＡＱ
9692,シーイーシー,東証１部
9695,鴨川グランド,ＪＡＱ
9696,ウィザス,ＪＡＱ
9697,カプコン,東証１部
9698,クレオ,ＪＡＱ
9699,西尾レント,東証１部
9701,会舘,東証２部
9702,アイエスビー,東証１部
9704,東海観,東証１部
9706,日本空港ビル,東証１部
9707,メデカＪ,ＪＡＱ
9708,帝ホテル,東証２部
9709,日コンピュタ,東証２部
9713,ロイヤルホ,東証２部
9715,トランスコス,東証１部
9716,乃村工芸社,東証１部
9717,ジャステック,東証１部
9719,住商情報,東証１部
9720,グランド,ＪＡＱ
9722,藤田観,東証１部
9723,京都ホ,東証２部
9726,ＫＮＴ-ＣＴ,東証１部
9728,日本管財,東証１部
9729,トーカイ,東証１部
9731,白洋舎,東証１部
9733,ナガセ,ＪＡＱ
9734,精養軒,ＪＡＱ
9735,セコム,東証１部
9736,白青舎,ＪＡＱ
9739,ＮＳＷ,東証１部
9740,ＣＳＰ,東証１部
9742,アイネス,東証１部
9743,丹青社,東証１部
9744,メイテック,東証１部
9746,ＴＫＣ,東証１部
9747,アサツーＤＫ,東証１部
9748,ＮＪＫ,東証２部
9749,富士ソフト,東証１部
9753,ＩＸナレッジ,ＪＡＱ
9755,応用地質,東証１部
9757,船井総研,東証１部
9758,ジシステム,ＪＡＱ
9759,日システムデ,東証１部
9760,進学会,東証１部
9761,東海リース,東証２部
9763,丸紅リ,東証１部
9764,技研興,東証２部
9765,オオバ,東証１部
9766,コナミ,東証１部
9767,日建工学,東証２部
9768,いであ,東証１部
9769,学究社,東証１部
9776,札臨,ＪＡＱ
9778,昴,ＪＡＱ
9780,ビステム,ＪＡＱ
9782,ＤＭＳ,ＪＡＱ
9783,ベネッセ,東証１部
9787,イオンディラ,東証１部
9788,ナック,東証１部
9790,福井コン,東証１部
9791,ビケンテクノ,東証２部
9792,ニチイ学館,東証１部
9793,ダイセキ,東証１部
9795,ステップ,東証１部
9797,大日本コン,東証２部
9799,旭情報,東証２部
9810,日鉄商,東証１部
9812,テーオー,ＪＡＱ
9816,バーテックス,ＪＡＱ
9818,大丸エナ,東証２部
9820,エムティＧ,ＪＡＱ
9823,マミーマート,ＪＡＱ
9824,泉州電,東証１部
9826,ＪＥＵＧＩＡ,東証２部
9827,リリカラ,ＪＡＱ
9828,元気寿司,東証１部
9829,ながの東急,ＪＡＱ
9830,トラスコ中山,東証１部
9831,ヤマダ電,東証１部
9832,オートバクス,東証１部
9835,ジュンテン,東証２部
9836,リーバイス,ＪＡＱ
9837,モリト,東証１部
9842,アークランド,東証１部
9843,ニトリ,東証１部
9845,パーカー,東証２部
9846,天満屋ス,東証２部
9849,共同紙販,ＪＡＱ
9850,グルメ杵屋,東証１部
9852,中央物産,ＪＡＱ
9853,銀座ルノア,ＪＡＱ
9854,愛眼,東証１部
9855,くろがねや,東証２部
9856,ケーユー,東証１部
9857,英和,東証２部
9861,吉野家ディー,東証１部
9867,ソレキア,ＪＡＱ
9869,加藤産,東証１部
9870,ハナテン,東証２部
9872,北恵,東証１部
9873,ケンタッキー,東証２部
9876,コックス,ＪＡＱ
9878,セキド,東証２部
9880,イノテック,東証１部
9882,イエロハット,東証１部
9883,富士エレ,東証１部
9885,シャルレ,東証２部
9887,松屋フーズ,東証１部
9888,ＵＥＸ,ＪＡＱ
9889,ＪＢＣＣ,東証１部
9890,マキヤ,ＪＡＱ
9892,卑弥呼,ＪＡＱ
9895,コンセック,ＪＡＱ
9896,ＪＫホールデ,東証１部
9898,サハダイヤ,ＪＡＱ
9899,ジョリーバスタ,東証２部
9900,サガミ,東証１部
9902,日伝,東証１部
9903,カンセキ,ＪＡＱ
9904,ベリテ,東証２部
9906,藤井産業,ＪＡＱ
9908,日本電計,ＪＡＱ
9909,愛光電気,ＪＡＱ
9913,日邦産業,ＪＡＱ
9914,植松商会,ＪＡＱ
9919,関西スーパ,東証１部
9922,日立機材,東証２部
9924,ドミー,名証セ
9927,ワットマン,ＪＡＱ
9928,ミロク情報,東証１部
9929,平和紙業,東証２部
9930,北沢産,東証１部
9932,杉本商,東証１部
9934,因幡電産,東証１部
9936,王将フード,東証１部
9941,太洋物産,ＪＡＱ
9943,ココス,ＪＡＱ
9945,プレナス,東証１部
9946,ミニストップ,東証１部
9948,アークス,東証１部
9950,ハチバン,ＪＡＱ
9955,ヨンキュウ,ＪＡＱ
9956,バロー,東証１部
9957,バイテック,東証１部
9959,アシード,東証２部
9960,東テク,東証１部
9962,ミスミＧ,東証１部
9963,江守商事,東証１部
9964,アイ・テック,ＪＡＱ
9966,藤久,東証１部
9967,堺商事,東証２部
9969,ショクブン,東証２部
9972,アルテック,東証１部
9973,小僧寿し,ＪＡＱ
9974,ベルク,東証１部
9976,セキチュー,ＪＡＱ
9977,アオキスーパ,ＪＡＱ
9978,文教堂,ＪＡＱ
9979,大庄,東証１部
9980,ＭＲＫホール,東証マ
9982,タキヒヨー,東証１部
9983,ファストリ,東証１部
9984,ソフトバンク,東証１部
9986,蔵王産業,東証１部
9987,スズケン,東証１部
9989,サンドラッグ,東証１部
9990,東京デリカ,東証１部
9991,ジェコス,東証１部
9992,理研グリン,ＪＡＱ
9993,ヤマザワ,東証１部
9994,やまや,東証１部
9995,グローセル,東証１部
9996,サトー商会,ＪＡＱ
9997,ベルーナ,東証１部
